announce_date,input,output,is_divorce,input_processed,text_combined,combined_processed,topic_label,topic_probability,topic_name
2018-03-13T09:00:00.000+09:00,이혼 시 재산분할 청구가 어느 정도 인정될 수 있나요?,"이혼 시 재산분할 청구는 실질적으로 기여한 바에 따라 결정됩니다. 법원은 혼인 중 형성된 재산의 실질적 기여도를 기준으로 분할 비율을 정하며, 주로 경제적 기여뿐만 아니라 가사노동 등 비경제적 기여도 함께 고려합니다. 이번 사례에서 재산분할 청구가 일부만 인용된 이유도 이러한 기준에 따른 것입니다.",1,이혼 재산 분할 청구,"이혼 시 재산분할 청구가 어느 정도 인정될 수 있나요? 이혼 시 재산분할 청구는 실질적으로 기여한 바에 따라 결정됩니다. 법원은 혼인 중 형성된 재산의 실질적 기여도를 기준으로 분할 비율을 정하며, 주로 경제적 기여뿐만 아니라 가사노동 등 비경제적 기여도 함께 고려합니다. 이번 사례에서 재산분할 청구가 일부만 인용된 이유도 이러한 기준에 따른 것입니다.",이혼 재산 분할 청구 실질 기여 결정 법원 혼인 형성 도르다 기준 비율 주로 경제 가사노동 비경 제적 고려 이번 사례 일부 인용 이유,8,0.5751779,이혼 시 금전 문제 (재산분할·양육비)
2016-06-10T09:00:00.000+09:00,"혼인관계에서 부정행위를 저지른 배우자가 이혼 후 약정한 금액을 지급하지 않는 경우, 법적 조치는 어떠한가요?","혼인관계에서 부정행위를 저질러 이혼 후 약정한 금액을 지급하지 않는 배우자는 약정한 금액의 지급의무를 이행하지 않음으로 인해 약정에서 정한 기한의 이익을 상실하게 됩니다. 이에 따라 약정금 및 지연손해금을 지급해야 하며, 지연손해금은 약정한 지급 기일 다음 날부터 다 갚는 날까지 소송촉진 등에 관한 특례법에 따라 연 15%의 비율로 계산됩니다.",1,혼인 관계 부정행위 저지르다 배우자 이혼 약정 금액 지급 법적 조치,"혼인관계에서 부정행위를 저지른 배우자가 이혼 후 약정한 금액을 지급하지 않는 경우, 법적 조치는 어떠한가요? 혼인관계에서 부정행위를 저질러 이혼 후 약정한 금액을 지급하지 않는 배우자는 약정한 금액의 지급의무를 이행하지 않음으로 인해 약정에서 정한 기한의 이익을 상실하게 됩니다. 이에 따라 약정금 및 지연손해금을 지급해야 하며, 지연손해금은 약정한 지급 기일 다음 날부터 다 갚는 날까지 소송촉진 등에 관한 특례법에 따라 연 15%의 비율로 계산됩니다.",혼인 관계 부정행위 저지르다 배우자 이혼 약정 금액 지급 법적 조치 의무 이행 음으로 기한 이익 지연손해금 기일 갚다 소송 촉진 특례법 비율 계산,7,0.95754904,혼인 파탄의 원인과 법적 책임
2018-11-30T09:00:00.000+09:00,"이혼합의서 작성 후 이혼의 효력이 상실되었을 때, 재산분할에 관한 합의의 효력은 어떻게 되나요?","혼인 중 당사자 쌍방이 재산분할에 관한 협의를 하였으나 이후 협의상 이혼이 이루어지지 않고 혼인관계가 존속되거나 재판상 이혼이 이루어진 경우, 그 재산분할에 관한 협의는 조건 불성취로 효력이 발생하지 않습니다. 따라서 협의상 이혼이 이루어질 것을 조건으로 한 재산분할 협의는 이혼이 실제로 이루어질 때에만 효력을 갖습니다.",1,이혼 합 작성 상실 되어다 재산 분할,"이혼합의서 작성 후 이혼의 효력이 상실되었을 때, 재산분할에 관한 합의의 효력은 어떻게 되나요? 혼인 중 당사자 쌍방이 재산분할에 관한 협의를 하였으나 이후 협의상 이혼이 이루어지지 않고 혼인관계가 존속되거나 재판상 이혼이 이루어진 경우, 그 재산분할에 관한 협의는 조건 불성취로 효력이 발생하지 않습니다. 따라서 협의상 이혼이 이루어질 것을 조건으로 한 재산분할 협의는 이혼이 실제로 이루어질 때에만 효력을 갖습니다.",이혼 합 작성 상실 되어다 재산 분할 혼인 당사자 쌍방 협의 이루어지다 관계 존속 재판 불성취 따라서 실제 갖다,2,0.45674714,부정행위 및 제3자 개입 책임
2015-09-17T09:00:00.000+09:00,배우자 있는 자와 간통행위를 한 사람(상간자)은 법적으로 어떤 책임이 있나요?,"배우자 있는 자와 간통행위를 하고 이로 인해 그 자가 배우자와 별거하거나 이혼하는 등으로 혼인관계를 파탄에 이르게 한 경우, 상간자는 그 자의 배우자에 대하여 불법행위를 구성하고 정신상의 고통을 위자할 의무가 있습니다. 대법원 판결(2004다1899)을 참조하면, 상간자는 피해 배우자에게 금전적으로 위자할 의무가 있으며, 위자료의 액수는 부정행위의 내용, 정도 및 기간, 배우자간의 결혼기간 및 가족관계 등을 고려하여 산정됩니다.",1,배우자 간통 행위 사람 법적 책임,"배우자 있는 자와 간통행위를 한 사람(상간자)은 법적으로 어떤 책임이 있나요? 배우자 있는 자와 간통행위를 하고 이로 인해 그 자가 배우자와 별거하거나 이혼하는 등으로 혼인관계를 파탄에 이르게 한 경우, 상간자는 그 자의 배우자에 대하여 불법행위를 구성하고 정신상의 고통을 위자할 의무가 있습니다. 대법원 판결(2004다1899)을 참조하면, 상간자는 피해 배우자에게 금전적으로 위자할 의무가 있으며, 위자료의 액수는 부정행위의 내용, 정도 및 기간, 배우자간의 결혼기간 및 가족관계 등을 고려하여 산정됩니다.",배우자 간통 행위 사람 법적 책임 이로 자 별거 거나 이혼 혼인 관계 파탄 이르다 간자 대하 불법행위 구성 정신 상 고통 위자 의무 대법원 판결 참조 피해 금전 위자료 액수 부정행위 기간 결혼 가족 고려 산정,5,0.51421523,
2019-10-30T09:00:00.000+09:00,동호회 활동 중 알게 된 사람과 부정행위가 사실혼 관계 파탄에 미치는 영향은 어떻게 평가되나요?,"부부공동생활을 유지하고 있는 사실혼 관계에 있는 배우자가 있는 사실을 알고도, 부정행위를 통해 그 관계를 방해하거나 파탄시킨 경우, 이는 위자료 청구의 사유로 인정됩니다. 특히 활동 장소나 시간, 관계의 지속 기간 등의 구체적 정황을 고려하여, 그 부정행위가 미친 영향을 종합적으로 평가합니다.",1,동호회 활동 부정행위 사실혼 관계 파탄 영향 평,"동호회 활동 중 알게 된 사람과 부정행위가 사실혼 관계 파탄에 미치는 영향은 어떻게 평가되나요? 부부공동생활을 유지하고 있는 사실혼 관계에 있는 배우자가 있는 사실을 알고도, 부정행위를 통해 그 관계를 방해하거나 파탄시킨 경우, 이는 위자료 청구의 사유로 인정됩니다. 특히 활동 장소나 시간, 관계의 지속 기간 등의 구체적 정황을 고려하여, 그 부정행위가 미친 영향을 종합적으로 평가합니다.",동호회 활동 부정행위 사실혼 관계 파탄 영향 평 부부 생활 유지 배우자 알다 통해 시키다 이다 위자료 청구 사유 장소 시간 지속 기간 구체 정황 고려 종합,7,0.93141884,혼인 파탄의 원인과 법적 책임
2019-02-01T09:00:00.000+09:00,이혼 소송 분야에서 일방의 부정행위가 있는 있음에도 위자료 청구가 인정되지 않을 수 있는 경우는  무엇인가요?,"부정행위가 있더라도 위자료 청구가 인정되지 않을 수 있는 법적 근거는 부부공동생활이 이미 파탄에 이르러 실질적으로 부부관계가 유지되지 않은 경우입니다. 예를 들어, 협의이혼 전 이미 부부 사이에 모든 민형사상 책임을 묻지 않기로 합의한 경우, 이후의 부정행위는 위자료 청구의 근거로 인정되지 않을 수 있습니다.",1,이혼 소송 분야 일방 부정행위 위자료 청구,"이혼 소송 분야에서 일방의 부정행위가 있는 있음에도 위자료 청구가 인정되지 않을 수 있는 경우는  무엇인가요? 부정행위가 있더라도 위자료 청구가 인정되지 않을 수 있는 법적 근거는 부부공동생활이 이미 파탄에 이르러 실질적으로 부부관계가 유지되지 않은 경우입니다. 예를 들어, 협의이혼 전 이미 부부 사이에 모든 민형사상 책임을 묻지 않기로 합의한 경우, 이후의 부정행위는 위자료 청구의 근거로 인정되지 않을 수 있습니다.",이혼 소송 분야 일방 부정행위 위자료 청구 법적 부부 생활 파탄 이르다 실질 관계 유지 들다 협의 사이 모든 사상 책임 묻다 합,0,0.9360551,위자료 및 손해배상 청구
2022-07-08T09:00:00.000+09:00,이혼 소송에서 위자료 청구와 위자료 지급은 어떤 기준에 의해 결정되나요?,"이혼 소송에서 위자료 청구와 지급은 혼인 생활 동안의 유책행위와 그로 인한 정신적 고통을 기준으로 결정됩니다. 예를 들어, 배우자의 부정행위나 상대방에 대한 가해 행위 등이 유책행위로 인정되며, 이러한 행위들로 인해 혼인 관계가 회복할 수 없을 정도로 파탄에 이르면 위자료 배상 책임이 부여될 수 있습니다.",1,이혼 소송 위자료 청구 지급 기준 결정,"이혼 소송에서 위자료 청구와 위자료 지급은 어떤 기준에 의해 결정되나요? 이혼 소송에서 위자료 청구와 지급은 혼인 생활 동안의 유책행위와 그로 인한 정신적 고통을 기준으로 결정됩니다. 예를 들어, 배우자의 부정행위나 상대방에 대한 가해 행위 등이 유책행위로 인정되며, 이러한 행위들로 인해 혼인 관계가 회복할 수 없을 정도로 파탄에 이르면 위자료 배상 책임이 부여될 수 있습니다.",이혼 소송 위자료 청구 지급 기준 결정 혼인 생활 동안 유책 행위 그로 정신 고통 들다 배우자 부정행위 상대방 가해 관계 파탄 이르다 배상 책임 부여,0,0.7940966,위자료 및 손해배상 청구
2015-01-28T09:00:00.000+09:00,부모가 자녀의 양육비를 지급할 의무를 부인하기 위해 증명해야 하는 조건은 무엇인가요?,"민법 제 부모의 의무에 따르면, 부모는 자녀에 대해 양육비를 지급할 의무가 있습니다. 부모가 이러한 의무를 이행하지 않으려면, 자신이 양육비를 지급할 수 없는 합리적인 사유가 있었다는 것을 증명해야 합니다. 즉, 경제적 어려움이나 다른 정당한 사유로 인해 양육비 지불이 불가능하다는 것을 뒷받침할 수 있는 자료를 제시해야 합니다.",1,부모 자녀 양육비 지급 의무 부인,"부모가 자녀의 양육비를 지급할 의무를 부인하기 위해 증명해야 하는 조건은 무엇인가요? 민법 제 부모의 의무에 따르면, 부모는 자녀에 대해 양육비를 지급할 의무가 있습니다. 부모가 이러한 의무를 이행하지 않으려면, 자신이 양육비를 지급할 수 없는 합리적인 사유가 있었다는 것을 증명해야 합니다. 즉, 경제적 어려움이나 다른 정당한 사유로 인해 양육비 지불이 불가능하다는 것을 뒷받침할 수 있는 자료를 제시해야 합니다.",부모 자녀 양육비 지급 의무 부인 민법 대해 이행 자신 합리 사유 경제 어려움 다른 지불 뒷받침 자료 제시,3,0.87687415,위자료 및 손해배상 청구
2023-04-27T09:00:00.000+09:00,양육비 산정 기준에 있어 법원이 고려해야 할 사항은 무엇인가요?,"양육비 산정 시 법원은 양육비의 형평성을 고려하여 청구인과 상대방의 경제적 상황, 사건본인의 양육 환경, 필리핀과 대한민국의 물가 차이 등의 제반 사정을 종합적으로 고려할 수 있습니다. 특히 서울가정법원이 공표한 양육비 산정기준표는 대한민국 내 미성년 자녀를 양육하는 경우를 기준으로 하기 때문에, 사건본인이 필리핀에서 양육된 경우에는 그 적용이 어려울 수 있음을 유의해야 합니다.",1,양육비 산정 기준 법원 고려 사항,"양육비 산정 기준에 있어 법원이 고려해야 할 사항은 무엇인가요? 양육비 산정 시 법원은 양육비의 형평성을 고려하여 청구인과 상대방의 경제적 상황, 사건본인의 양육 환경, 필리핀과 대한민국의 물가 차이 등의 제반 사정을 종합적으로 고려할 수 있습니다. 특히 서울가정법원이 공표한 양육비 산정기준표는 대한민국 내 미성년 자녀를 양육하는 경우를 기준으로 하기 때문에, 사건본인이 필리핀에서 양육된 경우에는 그 적용이 어려울 수 있음을 유의해야 합니다.",양육비 산정 기준 법원 고려 사항 형평성 청구인 상대방 경제 사건 본인 양육 환경 필리핀 대한민국 물 차이 제반 사정 종합 가정법원 공표 미성년 자녀 어리다 유,8,0.90084326,이혼 시 금전 문제 (재산분할·양육비)
2020-05-26T09:00:00.000+09:00,이혼소송에서 재산분할의 기준은 무엇인가요?,"이혼소송에서 재산분할의 기준은 민법 제839조에 따라 배분이 이루어집니다. 여기서 원칙적으로 혼인 중 취득한 재산은 부부 공동의 재산으로 간주하며, 이를 공평하게 분할해야 합니다. 재산의 형성에 기여한 정도나 이혼의 사유 등의 사정을 고려하여 분할 비율이 결정됩니다.",1,이혼소송 재산 분할 기준,"이혼소송에서 재산분할의 기준은 무엇인가요? 이혼소송에서 재산분할의 기준은 민법 제839조에 따라 배분이 이루어집니다. 여기서 원칙적으로 혼인 중 취득한 재산은 부부 공동의 재산으로 간주하며, 이를 공평하게 분할해야 합니다. 재산의 형성에 기여한 정도나 이혼의 사유 등의 사정을 고려하여 분할 비율이 결정됩니다.",이혼소송 재산 분할 기준 민법 배분 이루어지다 여기 원칙 혼인 취득 부부 공동 간주 이르다 형성 기여 이혼 사유 사정 고려 비율 결정 제839조에,8,0.8214643,이혼 시 금전 문제 (재산분할·양육비)
2019-12-20T09:00:00.000+09:00,이혼 시 재산분할이 사해행위로 인정되지 않기 위해 필요한 요건은 무엇인가요?,"이혼 시 재산분할이 사해행위로 인정되지 않기 위해서는 그 재산분할이 민법 제839조의2 제2항의 규정 취지에 따라 상당한 정도를 벗어나지 않는다는 점, 즉 재산분할이 과도하지 않다는 것을 증명해야 합니다. 이는 혼인 기간, 재산 형성 과정, 분할되는 재산의 가치 등을 종합적으로 고려하여 판단됩니다.",1,이혼 재산 분할 사해행위,"이혼 시 재산분할이 사해행위로 인정되지 않기 위해 필요한 요건은 무엇인가요? 이혼 시 재산분할이 사해행위로 인정되지 않기 위해서는 그 재산분할이 민법 제839조의2 제2항의 규정 취지에 따라 상당한 정도를 벗어나지 않는다는 점, 즉 재산분할이 과도하지 않다는 것을 증명해야 합니다. 이는 혼인 기간, 재산 형성 과정, 분할되는 재산의 가치 등을 종합적으로 고려하여 판단됩니다.",이혼 재산 분할 사해행위 민법 항 규정 취지 벗어나다 과도 이다 혼인 기간 형성 가치 종합 고려 제839조의 제2항의,8,0.8724999,이혼 시 금전 문제 (재산분할·양육비)
2022-05-24T09:00:00.000+09:00,혼인관계가 파탄 상태에 있을 때 제3자의 부정행위에 대한 책임 주장은 어떻게 됩니까?,"혼인관계가 이미 파탄 상태에 있었다고 주장하는 경우, 제3자의 부정행위가 불법행위에 해당하는지에 대한 판단이 필요합니다. 대법원은 제3자의 부정행위가 혼인파탄에 영향을 미쳤는지를 분석하며, 기존 혼인관계를 파탄 상태로 만들기 전 내지는 그로 인해 혼인관계 재건이 불가능한 상황이 아니었다면 여전히 책임이 인정될 수 있습니다. 즉, 제3자의 행동이 혼인관계의 파탄에 실질적으로 기여했음을 입증해야 합니다.",1,혼인 관계 파탄 상태 부정행위 책임 제3자의,"혼인관계가 파탄 상태에 있을 때 제3자의 부정행위에 대한 책임 주장은 어떻게 됩니까? 혼인관계가 이미 파탄 상태에 있었다고 주장하는 경우, 제3자의 부정행위가 불법행위에 해당하는지에 대한 판단이 필요합니다. 대법원은 제3자의 부정행위가 혼인파탄에 영향을 미쳤는지를 분석하며, 기존 혼인관계를 파탄 상태로 만들기 전 내지는 그로 인해 혼인관계 재건이 불가능한 상황이 아니었다면 여전히 책임이 인정될 수 있습니다. 즉, 제3자의 행동이 혼인관계의 파탄에 실질적으로 기여했음을 입증해야 합니다.",혼인 관계 파탄 상태 부정행위 책임 불법행위 해당 대법원 영향 분석 기존 만들기 내지 그로 재건 행동 실질 기여 입증 제3자의,7,0.5330855,혼인 파탄의 원인과 법적 책임
2022-10-27T09:00:00.000+09:00,이혼한 자의 부정행위가 배우자에게 미치는 법적 효과는 무엇인가요?,"부정행위로 인하여 발생하는 법적 효과는 불법행위 책임이 있습니다. 대법원 2014. 11. 20. 선고 2011므2997 전원합의체 판결에 따르면, 제3자가 부부공동생활을 방해함으로써 배우자의 권리를 침해하고 정신적 고통을 가하는 경우, 이는 원칙적으로 불법행위를 구성하며, 이에 따라 피해자는 손해배상을 청구할 수 있습니다.",1,이혼 자 부정행위 배우자 법적 효,"이혼한 자의 부정행위가 배우자에게 미치는 법적 효과는 무엇인가요? 부정행위로 인하여 발생하는 법적 효과는 불법행위 책임이 있습니다. 대법원 2014. 11. 20. 선고 2011므2997 전원합의체 판결에 따르면, 제3자가 부부공동생활을 방해함으로써 배우자의 권리를 침해하고 정신적 고통을 가하는 경우, 이는 원칙적으로 불법행위를 구성하며, 이에 따라 피해자는 손해배상을 청구할 수 있습니다.",이혼 자 부정행위 배우자 법적 효 불법행위 책임 대법원 선고 전원 합 판결 부부 생활 방해 권리 침해 정신 고통 가하다 이다 원칙 구성 피해자 손해배상 청구 제3자가,5,0.7602025,
2011-08-26T09:00:00.000+09:00,배우자가 이혼 소송 중일 때 부정행위를 한 경우 손해배상 책임은 어떻게 결정되나요?,"대법원 판결에 따르면, 이혼소송 중 모호한 상황에서 부정행위를 한 경우에도 이미 혼인관계가 파탄된 상태라면 부정행위가 혼인관계의 파탄을 직접 초래했다고 보기 어렵습니다. 따라서 그로 인한 손해배상 책임은 이혼 이전의 관계 상태 및 부정행위의 시점에 따라 차별적으로 적용됩니다.",1,배우자 이혼 소송 중일 부정행위 손해배상 책임 결정,"배우자가 이혼 소송 중일 때 부정행위를 한 경우 손해배상 책임은 어떻게 결정되나요? 대법원 판결에 따르면, 이혼소송 중 모호한 상황에서 부정행위를 한 경우에도 이미 혼인관계가 파탄된 상태라면 부정행위가 혼인관계의 파탄을 직접 초래했다고 보기 어렵습니다. 따라서 그로 인한 손해배상 책임은 이혼 이전의 관계 상태 및 부정행위의 시점에 따라 차별적으로 적용됩니다.",배우자 이혼 소송 중일 부정행위 손해배상 책임 결정 대법원 판결 이혼소송 혼인 관계 파탄 상태 라면 직접 초래 보기 따라서 그로 이전 시점 차별,0,0.6823707,위자료 및 손해배상 청구
2023-06-27T09:00:00.000+09:00,이혼 시 재산분할 합의의 효력 범위는 어디까지인가요?,"이혼 시 재산분할 합의의 효력 범위는, 합의한 재산분할 항목 및 금액에 대해서만 효력을 가지며, 합의서에 포함되지 않은 항목에 대해서는 추가적인 청구가 가능합니다. 다만, 위 합의서에 ‘재산분할 등 모든 재산상 청구를 포기한다’는 내용이 포함된 경우, 그 외 재산상 청구도 금지됩니다.",1,이혼 재산 분할 합 범위,"이혼 시 재산분할 합의의 효력 범위는 어디까지인가요? 이혼 시 재산분할 합의의 효력 범위는, 합의한 재산분할 항목 및 금액에 대해서만 효력을 가지며, 합의서에 포함되지 않은 항목에 대해서는 추가적인 청구가 가능합니다. 다만, 위 합의서에 ‘재산분할 등 모든 재산상 청구를 포기한다’는 내용이 포함된 경우, 그 외 재산상 청구도 금지됩니다.",이혼 재산 분할 합 범위 항목 금액 대해 가지 서다 포함 추 청구 다만 모든 포기 청구도 금지,8,0.45628202,이혼 시 금전 문제 (재산분할·양육비)
2020-07-08T09:00:00.000+09:00,"채무자가 이혼을 하며 재산을 양도하는 경우, 그 법적 효력의 범위는 어떻게 적용되나요?","채무자가 이혼하면서 재산을 양도할 때 그 법적 효력은 민법 제839조의2에 따라 상당한 정도의 재산분할이 이루어졌을 경우 일반 채권자에 대한 사해행위로 간주되지 않습니다. 하지만 이혼에 따른 재산분할이 과도하다고 판단될 경우, 채권자는 사해행위의 취소를 청구할 수 있는 법적 권리가 있습니다.",1,채무자 이혼 재산 양도 법적 범위,"채무자가 이혼을 하며 재산을 양도하는 경우, 그 법적 효력의 범위는 어떻게 적용되나요? 채무자가 이혼하면서 재산을 양도할 때 그 법적 효력은 민법 제839조의2에 따라 상당한 정도의 재산분할이 이루어졌을 경우 일반 채권자에 대한 사해행위로 간주되지 않습니다. 하지만 이혼에 따른 재산분할이 과도하다고 판단될 경우, 채권자는 사해행위의 취소를 청구할 수 있는 법적 권리가 있습니다.",채무자 이혼 재산 양도 법적 범위 민법 조 분할 이루어지다 일반 채권자 사해행위 간주 과도 취소 청구 권리 제839조의,4,0.91498107,부정행위의 법률적 근거
2020-09-10T09:00:00.000+09:00,부부의 보증채무가 이혼에 따른 재산분할에 포함될 수 있는 조건은 무엇인가요?,"부부의 보증채무가 재산분할에 포함될 수 있는 조건은, 주채무자의 무자력 등으로 인해 보증인이 실질적으로 종국적인 변제책임을 부담하게 되는 특별한 사정이 있는 경우입니다. 이는 대법원 판례에 의거하여, 물상보증인이 보증한 채무가 실질적으로 자신의 재산과 직결될 수 있는 경우에 해당합니다.",1,부부 보증채무 이혼 재산 분할 포함,"부부의 보증채무가 이혼에 따른 재산분할에 포함될 수 있는 조건은 무엇인가요? 부부의 보증채무가 재산분할에 포함될 수 있는 조건은, 주채무자의 무자력 등으로 인해 보증인이 실질적으로 종국적인 변제책임을 부담하게 되는 특별한 사정이 있는 경우입니다. 이는 대법원 판례에 의거하여, 물상보증인이 보증한 채무가 실질적으로 자신의 재산과 직결될 수 있는 경우에 해당합니다.",부부 보증채무 이혼 재산 분할 포함 채무자 무자력 보증인 실질 종국 변제 책임 부담 사정 이다 대법원 판례 의거 물상보증인 보증 채무 자신 직결 해당,8,0.45625013,이혼 시 금전 문제 (재산분할·양육비)
2019-12-17T09:00:00.000+09:00,이혼에 따른 재산분할에 있어서 사해행위의 판단 기준은 무엇인가요?,"이혼에 따른 재산분할이 사해행위로 판단되기 위해서는 민법 제839조의2 제2항에 따라 '상당한 정도를 벗어나는' 재산분할 여부를 입증해야 합니다. 현실적으로, 이혼 시 재산분할이 공동재산의 합당한 분배 범위 내에 있는지 평가하여야 하고, 초과 부분이 사해행위로 간주될 수 있습니다.",1,이혼 재산 분할 사해행위 기준,"이혼에 따른 재산분할에 있어서 사해행위의 판단 기준은 무엇인가요? 이혼에 따른 재산분할이 사해행위로 판단되기 위해서는 민법 제839조의2 제2항에 따라 '상당한 정도를 벗어나는' 재산분할 여부를 입증해야 합니다. 현실적으로, 이혼 시 재산분할이 공동재산의 합당한 분배 범위 내에 있는지 평가하여야 하고, 초과 부분이 사해행위로 간주될 수 있습니다.",이혼 재산 분할 사해행위 기준 민법 벗어나다 여부 입증 현실 합당 분배 범위 평 초 부분 간주 제839조의 제2항에,8,0.9008439,이혼 시 금전 문제 (재산분할·양육비)
2016-06-30T09:00:00.000+09:00,채무자가 이혼과 관련된 재산분할에서 손해배상 책임을 피하기 위한 조건은 무엇인가요?,"민법 제839조의2에 따르면, 재산분할이 이루어질 때 채무자가 채무초과 상태에 있더라도 그 재산분할이 상당한 정도를 벗어나지 않는 한 사해행위로 인정되지 않으며, 이를 입증할 책임은 채권자에게 있습니다. 즉, 채무자가 재산분할로 인해 공동담보가 감소되는 경우, 감소가 상당하다고 판단되기 위해서는 과도한 재산분할의 특별한 사정이 필요합니다.",1,채무자 이혼 재산 분할 손해배상 책임,"채무자가 이혼과 관련된 재산분할에서 손해배상 책임을 피하기 위한 조건은 무엇인가요? 민법 제839조의2에 따르면, 재산분할이 이루어질 때 채무자가 채무초과 상태에 있더라도 그 재산분할이 상당한 정도를 벗어나지 않는 한 사해행위로 인정되지 않으며, 이를 입증할 책임은 채권자에게 있습니다. 즉, 채무자가 재산분할로 인해 공동담보가 감소되는 경우, 감소가 상당하다고 판단되기 위해서는 과도한 재산분할의 특별한 사정이 필요합니다.",채무자 이혼 재산 분할 손해배상 책임 민법 조 이루어지다 채무 초 상태 벗어나다 사해행위 이르다 입증 채권자 담보 감소 과도 사정 제839조의,8,0.55535513,이혼 시 금전 문제 (재산분할·양육비)
2023-06-02T09:00:00.000+09:00,배우자가 사망한 경우에도 제3자가 혼인관계에 미친 영향을 이유로 불법행위로 손해배상을 청구할 수 있나요?,배우자가 사망한 경우에도 제3자가 혼인관계에 미친 영향을 이유로 손해배상을 청구할 수 있습니다. 그러나 부부가 이미 혼인관계가 회복할 수 없을 정도로 파탄된 상태였다면 제3자의 행위는 부부공동생활을 침해하는 행위로 보기 어렵습니다. 따라서 이러한 경우 손해배상 청구가 인정되기 어려울 수 있습니다.,1,배우자 사망 혼인 관계 영향 이유 불법행위 손해배상 청구 제3자가,배우자가 사망한 경우에도 제3자가 혼인관계에 미친 영향을 이유로 불법행위로 손해배상을 청구할 수 있나요? 배우자가 사망한 경우에도 제3자가 혼인관계에 미친 영향을 이유로 손해배상을 청구할 수 있습니다. 그러나 부부가 이미 혼인관계가 회복할 수 없을 정도로 파탄된 상태였다면 제3자의 행위는 부부공동생활을 침해하는 행위로 보기 어렵습니다. 따라서 이러한 경우 손해배상 청구가 인정되기 어려울 수 있습니다.,배우자 사망 혼인 관계 영향 이유 불법행위 손해배상 청구 부부 파탄 상태 이다 행위 생활 침해 보기 따라서 어리다 제3자가 제3자의,7,0.5707576,혼인 파탄의 원인과 법적 책임
2022-06-16T09:00:00.000+09:00,부정행위를 판단할 때 고려해야 할 요소는 무엇인가요?,"부정행위를 판단할 때는 여러 요소를 종합적으로 고려해야 합니다. 예를 들어, 상대방과의 직접적인 접촉, 친밀한 대화나 메시지의 주고받음, 의심스러운 행동이나 발언 등의 상황이 포함될 수 있습니다. 각 요소가 단독으로는 충분치 않아도, 전체적인 상황을 감안하여 부정행위를 추정할 수 있습니다.",1,부정행위 고려 요소,"부정행위를 판단할 때 고려해야 할 요소는 무엇인가요? 부정행위를 판단할 때는 여러 요소를 종합적으로 고려해야 합니다. 예를 들어, 상대방과의 직접적인 접촉, 친밀한 대화나 메시지의 주고받음, 의심스러운 행동이나 발언 등의 상황이 포함될 수 있습니다. 각 요소가 단독으로는 충분치 않아도, 전체적인 상황을 감안하여 부정행위를 추정할 수 있습니다.",부정행위 고려 요소 여러 종합 들다 상대방 직접 접촉 대화 메시지 주고받다 행동 발언 포함 단독 충분 전체 감안 추정,7,0.8726061,혼인 파탄의 원인과 법적 책임
2020-08-19T09:00:00.000+09:00,일상가사의 범위 내에서 발생한 금전채무를 배우자에게 물릴 수 있는 법적 근거는 무엇인가요?,"민법 제137조에 따르면, 일상가사의 범위 내에서 발생한 금전채무는 배우자가 공동으로 청구를 받을 수 있습니다. 이는 부부 공동체 유지를 위해 발생한 채무를 공동으로 변제해야 한다는 의미입니다.",1,일상 가사 범위 금전 채무 배우자 물리다 법적,"일상가사의 범위 내에서 발생한 금전채무를 배우자에게 물릴 수 있는 법적 근거는 무엇인가요? 민법 제137조에 따르면, 일상가사의 범위 내에서 발생한 금전채무는 배우자가 공동으로 청구를 받을 수 있습니다. 이는 부부 공동체 유지를 위해 발생한 채무를 공동으로 변제해야 한다는 의미입니다.",일상 가사 범위 금전 채무 배우자 물리다 법적 민법 공동 청구 받다 이다 부부 공동체 유지 변제 의미 제137조에,5,0.8761139,
2022-03-29T09:00:00.000+09:00,부정한 행위가 부부의 정조의무를 충실하지 않는 것으로 평가되는 구체적인 기준은 무엇인가요?,"부정한 행위는 간통을 포함한 넓은 개념으로, 부부의 정조의무에 충실하지 않는 일체의 행위를 포함합니다. 구체적인 기준은 사안별로 그 정도와 상황을 참작하여 평가되며, 예를 들어 연인들이 주고받는 다정한 언어나 단기간 동안의 동반투숙 등의 행위가 포함될 수 있습니다.",1,부정 행위 부부 정조 의무 평 구체 기준,"부정한 행위가 부부의 정조의무를 충실하지 않는 것으로 평가되는 구체적인 기준은 무엇인가요? 부정한 행위는 간통을 포함한 넓은 개념으로, 부부의 정조의무에 충실하지 않는 일체의 행위를 포함합니다. 구체적인 기준은 사안별로 그 정도와 상황을 참작하여 평가되며, 예를 들어 연인들이 주고받는 다정한 언어나 단기간 동안의 동반투숙 등의 행위가 포함될 수 있습니다.",부정 행위 부부 정조 의무 평 구체 기준 간통 포함 개념 일체 사안 별로 참작 들다 연인 주고받다 언어 단기간 동안 동반 투숙,1,0.9308616,혼인 파탄의 원인과 법적 책임
2017-01-25T09:00:00.000+09:00,부정행위가 있었음을 입증하기 위한 증거로 무엇이 필요한가요?,"부정행위의 존재를 입증하기 위해서는 불법행위를 증명할 수 있는 직접적 또는 간접적 증거가 필요합니다. 예를 들어, 목격자 진술, 메시지, 사진, 통화 기록 등이 해당됩니다. 민법 제750조에 따른 손해배상의 책임을 인정받기 위해서는 이러한 증거들이 부정행위와 혼인관계의 파탄 사이의 인과관계를 뒷받침해야 합니다.",1,부정행위 입증 증거,"부정행위가 있었음을 입증하기 위한 증거로 무엇이 필요한가요? 부정행위의 존재를 입증하기 위해서는 불법행위를 증명할 수 있는 직접적 또는 간접적 증거가 필요합니다. 예를 들어, 목격자 진술, 메시지, 사진, 통화 기록 등이 해당됩니다. 민법 제750조에 따른 손해배상의 책임을 인정받기 위해서는 이러한 증거들이 부정행위와 혼인관계의 파탄 사이의 인과관계를 뒷받침해야 합니다.",부정행위 입증 증거 존재 불법행위 직접 간접 들다 목격자 진술 메시지 사진 통화 기록 해당 민법 손해배상 책임 인정받다 혼인 관계 파탄 사이 인과관계 뒷받침 제750조에,3,0.87687355,위자료 및 손해배상 청구
2023-06-20T09:00:00.000+09:00,부정행위로 인한 손해배상의 책임을 묻기 위해 피해자가 입증해야 하는 조건은 무엇인가요?,"부정행위로 인한 손해배상 책임을 묻기 위해서는 피해자가 부정행위가 원인으로 작용하여 혼인의 본질을 침해하였음을 입증해야 합니다. 이에 따라, 부부 공동생활이 침해되었고, 이로 인해 정신적 고통을 입었다는 사정을 입증해야 합니다. 대법원 2014. 11. 20. 선고 2011므2997 판결에 따르면, 이러한 침해가 원칙적으로 불법행위를 구성한다고 보고 있습니다.",1,부정행위 손해배상 책임 묻다 피해자 입증,"부정행위로 인한 손해배상의 책임을 묻기 위해 피해자가 입증해야 하는 조건은 무엇인가요? 부정행위로 인한 손해배상 책임을 묻기 위해서는 피해자가 부정행위가 원인으로 작용하여 혼인의 본질을 침해하였음을 입증해야 합니다. 이에 따라, 부부 공동생활이 침해되었고, 이로 인해 정신적 고통을 입었다는 사정을 입증해야 합니다. 대법원 2014. 11. 20. 선고 2011므2997 판결에 따르면, 이러한 침해가 원칙적으로 불법행위를 구성한다고 보고 있습니다.",부정행위 손해배상 책임 묻다 피해자 입증 원인 작용 혼인 본질 침해 부부 생활 되어다 이로 정신 고통 입다 사정 대법원 선고 판결 원칙 불법행위 구성 보고,3,0.68331474,위자료 및 손해배상 청구
2023-04-20T09:00:00.000+09:00,부정행위와 관련된 손해배상액의 산정 기준은 무엇인가요?,"부정행위로 인한 손해배상액의 산정 기준은 피해자가 입은 정신적 손해의 정도와 부정행위의 경중, 그리고 부정행위가 피해자에게 미친 영향 등을 종합적으로 고려하여 결정됩니다. 이와 관련하여 대법원 2005. 10. 13. 판결에서는 공동불법행위에 따른 손해배상액은 피해자와 가해자 간의 관계에서 공동으로 그의 행위를 평가해야 한다고 판시하였습니다.",1,부정행위 손해배상 산정 기준,"부정행위와 관련된 손해배상액의 산정 기준은 무엇인가요? 부정행위로 인한 손해배상액의 산정 기준은 피해자가 입은 정신적 손해의 정도와 부정행위의 경중, 그리고 부정행위가 피해자에게 미친 영향 등을 종합적으로 고려하여 결정됩니다. 이와 관련하여 대법원 2005. 10. 13. 판결에서는 공동불법행위에 따른 손해배상액은 피해자와 가해자 간의 관계에서 공동으로 그의 행위를 평가해야 한다고 판시하였습니다.",부정행위 손해배상 산정 기준 피해자 입다 정신 손해 영향 종합 고려 결정 대법원 판결 불법행위 가해자 간 관계 공동 행위 평 파다,0,0.9076245,위자료 및 손해배상 청구
2019-06-27T09:00:00.000+09:00,"배우자가 사망한 경우, 상속인들이 청구할 수 있는 손해배상 금액의 비율은 어떻게 결정되나요?","배우자가 사망한 경우 상속인들이 청구할 수 있는 손해배상 금액의 비율은 민법에 따른 상속분에 의해 결정됩니다. 예를 들어, 배우자와 두 자녀가 있는 경우, 배우자는 1/2, 자녀는 각각 1/4씩 상속받게 됩니다. 따라서 상속인들이 청구할 수 있는 손해배상액은 상속분에 따라 나뉘어 집행됩니다.",1,배우자 사망 상속인 청구 손해배상 금액 비율 결정,"배우자가 사망한 경우, 상속인들이 청구할 수 있는 손해배상 금액의 비율은 어떻게 결정되나요? 배우자가 사망한 경우 상속인들이 청구할 수 있는 손해배상 금액의 비율은 민법에 따른 상속분에 의해 결정됩니다. 예를 들어, 배우자와 두 자녀가 있는 경우, 배우자는 1/2, 자녀는 각각 1/4씩 상속받게 됩니다. 따라서 상속인들이 청구할 수 있는 손해배상액은 상속분에 따라 나뉘어 집행됩니다.",배우자 사망 상속인 청구 손해배상 금액 비율 결정 민법 상속 들다 자녀 각각 받다 따라서 나뉘다 집행,0,0.93605506,위자료 및 손해배상 청구
2021-10-20T09:00:00.000+09:00,정신적 고통에 대한 손해배상 청구를 위한 입증책임은 어떻게 되나요?,"정신적 고통에 대한 손해배상 청구를 하려면 피해자는 자신의 정신적 고통이 불법행위로 인한 것임을 입증해야 하며, 이때 고통의 정도와 원인관계를 명확히 해야 합니다. 즉, 부정행위로 인한 배신감이나 불쾌감이 구체적인 증거에 근거하여 주장되어야 하며, 증거가 부족할 경우 법원은 정신적 고통의 정도를 인정하기 어려울 수 있습니다.",1,정신 고통 손해배상 청구 입증책임,"정신적 고통에 대한 손해배상 청구를 위한 입증책임은 어떻게 되나요? 정신적 고통에 대한 손해배상 청구를 하려면 피해자는 자신의 정신적 고통이 불법행위로 인한 것임을 입증해야 하며, 이때 고통의 정도와 원인관계를 명확히 해야 합니다. 즉, 부정행위로 인한 배신감이나 불쾌감이 구체적인 증거에 근거하여 주장되어야 하며, 증거가 부족할 경우 법원은 정신적 고통의 정도를 인정하기 어려울 수 있습니다.",정신 고통 손해배상 청구 입증책임 피해자 자신 불법행위 것임 입증 원인 관계 부정행위 배신 불쾌감 구체 증거 되어다 법원 어리다,0,0.8812187,위자료 및 손해배상 청구
2021-01-13T09:00:00.000+09:00,간통과 관련된 법리의 적용 범위는 어떻게 되나요?,"민법 제840조 제1호는 간통을 포함하여 부부의 정조의무에 위반되는 행위를 명시하고 있으며, 이러한 행위는 고의적이나 또는 과실로 행해질 수 있습니다. 각 사안에 따라 피해자의 정신적 고통이 인정될 경우 간통에 이르지 않더라도 법적 책임을 져야 할 수 있습니다.",1,간통 법리 범위,"간통과 관련된 법리의 적용 범위는 어떻게 되나요? 민법 제840조 제1호는 간통을 포함하여 부부의 정조의무에 위반되는 행위를 명시하고 있으며, 이러한 행위는 고의적이나 또는 과실로 행해질 수 있습니다. 각 사안에 따라 피해자의 정신적 고통이 인정될 경우 간통에 이르지 않더라도 법적 책임을 져야 할 수 있습니다.",간통 법리 범위 민법 포함 부부 정조 의무 위반 행위 명시 의적 과실 행해지다 사안 피해자 정신 고통 이르다 법적 책임 지다 제840조 제1호는,5,0.8265254,
2021-10-20T09:00:00.000+09:00,혼인관계의 파탄 원인을 판단하는 법적 기준은 무엇인가요?,"혼인관계의 파탄 원인을 판단할 때, 법원은 각 당사자의 귀책사유를 확인하고 이를 종합적으로 검토합니다. 즉, 양측이 혼인관계를 유지하기 위해 얼마나 노력했는지를 고려하며, 부정행위의 존재 여부와 그로 인해 부부공동생활이 어떻게 침해되었는지를 판단합니다. 이러한 판단은 법원의 재량에 따라 이루어지며, 다툼이 없는 사실이나 증거를 바탕으로 결정됩니다.",1,혼인 관계 파탄 원인 법적 기준,"혼인관계의 파탄 원인을 판단하는 법적 기준은 무엇인가요? 혼인관계의 파탄 원인을 판단할 때, 법원은 각 당사자의 귀책사유를 확인하고 이를 종합적으로 검토합니다. 즉, 양측이 혼인관계를 유지하기 위해 얼마나 노력했는지를 고려하며, 부정행위의 존재 여부와 그로 인해 부부공동생활이 어떻게 침해되었는지를 판단합니다. 이러한 판단은 법원의 재량에 따라 이루어지며, 다툼이 없는 사실이나 증거를 바탕으로 결정됩니다.",혼인 관계 파탄 원인 법적 기준 법원 당사자 귀책사유 확인 이르다 종합 검토 유지 얼마나 노력 고려 부정행위 존재 여부 그로 부부 생활 침해 되어다 재량 이루어지다 다툼 증거 바탕 결정,7,0.91894555,혼인 파탄의 원인과 법적 책임
2019-04-24T09:00:00.000+09:00,제3자가 부부의 일방과 부정행위를 하여 배우자에게 정신적 고통을 준 경우 불법행위로 인정될 조건은 무엇인가요?,"대법원 판례에 따르면, 제3자가 부부의 일방과 부정행위를 하여 혼인의 본질에 해당하는 부부공동생활을 침해하거나 그 유지를 방해하고 그에 대한 배우자의 권리를 침해하여 배우자에게 정신적 고통을 주는 행위는 불법행위로 인정됩니다. 이때 '부정행위'는 간통을 포함하여, 부부의 정조의무에 충실하지 않는 일체의 부정한 행위를 포함하며, 구체적 사안에 따라 그 정도와 상황을 참작하여 평가되어야 합니다.",1,부부 일방 부정행위 배우자 정신 고통 불법행위 제3자가,"제3자가 부부의 일방과 부정행위를 하여 배우자에게 정신적 고통을 준 경우 불법행위로 인정될 조건은 무엇인가요? 대법원 판례에 따르면, 제3자가 부부의 일방과 부정행위를 하여 혼인의 본질에 해당하는 부부공동생활을 침해하거나 그 유지를 방해하고 그에 대한 배우자의 권리를 침해하여 배우자에게 정신적 고통을 주는 행위는 불법행위로 인정됩니다. 이때 '부정행위'는 간통을 포함하여, 부부의 정조의무에 충실하지 않는 일체의 부정한 행위를 포함하며, 구체적 사안에 따라 그 정도와 상황을 참작하여 평가되어야 합니다.",부부 일방 부정행위 배우자 정신 고통 불법행위 대법원 판례 혼인 본질 해당 생활 유지 방해 권리 침해 주다 행위 간통 포함 정조 의무 일체 부정 구체 사안 참작 평 되어다 제3자가,2,0.94090885,부정행위 및 제3자 개입 책임
2023-01-17T09:00:00.000+09:00,폭행과 관련된 손해배상청구소송에서 폭행 사실이 인정될 경우 가해자가 부담하는 법적 책임은 무엇인가요?,"폭행과 관련된 손해배상청구소송에서 법원은 가해자의 행동이 불법행위에 해당하는 경우, 민법 제750조에 따라 가해자는 피해자에게 손해를 배상할 법적 책임이 있습니다. 즉, 가해자가 피해자에게 폭행을 가하고 이에 따른 신체적 또는 정신적 손해가 발생한 경우, 그 손해를 배상해야 하는 것입니다.",1,폭행 손해배상 청구 소송 가해자 부담 법적 책임,"폭행과 관련된 손해배상청구소송에서 폭행 사실이 인정될 경우 가해자가 부담하는 법적 책임은 무엇인가요? 폭행과 관련된 손해배상청구소송에서 법원은 가해자의 행동이 불법행위에 해당하는 경우, 민법 제750조에 따라 가해자는 피해자에게 손해를 배상할 법적 책임이 있습니다. 즉, 가해자가 피해자에게 폭행을 가하고 이에 따른 신체적 또는 정신적 손해가 발생한 경우, 그 손해를 배상해야 하는 것입니다.",폭행 손해배상 청구 소송 가해자 부담 법적 책임 법원 행동 불법행위 해당 민법 피해자 손해 배상 가하다 신체 정신 제750조에,6,0.93930256,부정행위 및 제3자 개입 책임
2023-09-21T09:00:00.000+09:00,배우자의 부정행위와 관련하여 제3자가 수행한 행위가 불법행위로 인정될 수 있는 조건은 무엇인가요?,"제3자가 배우자의 부정행위에 관여하여 부부공동생활을 침해하거나 유지하는 것을 방해하고, 이에 따라 배우자로서의 권리를 침해하여 상대 배우자에게 정신적 고통을 주는 경우 불법행위로 인정될 수 있습니다. 이는 대법원의 선고(2004다1899, 2013므2441)에 근거합니다.",1,배우자 부정행위 수행 행위 불법행위 제3자가,"배우자의 부정행위와 관련하여 제3자가 수행한 행위가 불법행위로 인정될 수 있는 조건은 무엇인가요? 제3자가 배우자의 부정행위에 관여하여 부부공동생활을 침해하거나 유지하는 것을 방해하고, 이에 따라 배우자로서의 권리를 침해하여 상대 배우자에게 정신적 고통을 주는 경우 불법행위로 인정될 수 있습니다. 이는 대법원의 선고(2004다1899, 2013므2441)에 근거합니다.",배우자 부정행위 수행 행위 불법행위 관여 부부 생활 유지 방해 로서 권리 침해 상대 정신 고통 주다 이다 대법원 선고 제3자가,2,0.91941446,부정행위 및 제3자 개입 책임
2019-01-30T09:00:00.000+09:00,배우자가 있는 사람과 부정행위를 한 제3자가 손해배상 책임에서 벗어나기 위해 필요한 조건은 무엇인가요?,"제3자가 손해배상 책임에서 벗어나기 위해서는 부정행위가 부부의 공동생활 파탄이나 방해에 실질적인 영향을 미치지 않았으며, 배우자에게 정신적 고통을 가하지 않았음을 증명해야 합니다. 또한, 제3자가 부정행위 상대방의 배우자 존재를 알지 못했거나, 그 행위가 단순한 과장된 감정표현에 불과하다는 것을 입증해야 합니다.",1,배우자 부정행위 손해배상 책임 벗어나다 제3자가,"배우자가 있는 사람과 부정행위를 한 제3자가 손해배상 책임에서 벗어나기 위해 필요한 조건은 무엇인가요? 제3자가 손해배상 책임에서 벗어나기 위해서는 부정행위가 부부의 공동생활 파탄이나 방해에 실질적인 영향을 미치지 않았으며, 배우자에게 정신적 고통을 가하지 않았음을 증명해야 합니다. 또한, 제3자가 부정행위 상대방의 배우자 존재를 알지 못했거나, 그 행위가 단순한 과장된 감정표현에 불과하다는 것을 입증해야 합니다.",배우자 부정행위 손해배상 책임 벗어나다 부부 공동 생활 파탄 방해 실질 영향 정신 고통 가하다 또한 상대방 존재 행위 과장 감정 표현 입증 제3자가,3,0.9337166,위자료 및 손해배상 청구
2022-09-15T09:00:00.000+09:00,"배우자가 있는 사람과 부정행위를 한 제3자가 불법행위로 손해배상 책임을 지는 경우, 어떤 행위가 부정행위로 판단되나요?","부정행위는 간통을 포함하는 보다 넓은 개념으로서, 간통에까지는 이르지 않더라도 부부의 정조의무에 충실하지 않는 일체의 부정한 행위를 포함합니다. 부정한 행위인지 여부는 구체적인 사안에 따라 그 정도와 상황을 참작하여 평가됩니다(대법원 1988. 5. 24. 선고 88므7 판결, 1992. 11. 10. 선고 92므68 판결 등 참조).",1,배우자 부정행위 불법행위 손해배상 책임 지다 행위 제3자가,"배우자가 있는 사람과 부정행위를 한 제3자가 불법행위로 손해배상 책임을 지는 경우, 어떤 행위가 부정행위로 판단되나요? 부정행위는 간통을 포함하는 보다 넓은 개념으로서, 간통에까지는 이르지 않더라도 부부의 정조의무에 충실하지 않는 일체의 부정한 행위를 포함합니다. 부정한 행위인지 여부는 구체적인 사안에 따라 그 정도와 상황을 참작하여 평가됩니다(대법원 1988. 5. 24. 선고 88므7 판결, 1992. 11. 10. 선고 92므68 판결 등 참조).",배우자 부정행위 불법행위 손해배상 책임 지다 행위 간통 포함 보다 개념 이르다 부부 정조 의무 일체 부정 여부 구체 사안 참작 평 대법원 선고 판결 참조 제3자가,3,0.94255644,위자료 및 손해배상 청구
2019-11-29T09:00:00.000+09:00,부정행위의 범위와 판단 기준은 무엇인가요?,"부정행위는 간통을 포함하는 보다 넓은 개념으로, 간통에 이르지 않더라도 부부의 정조의무를 저버리는 일체의 부정한 행위가 이에 포함됩니다. 구체적인 사안에 따라 그 정도와 상황을 참작하여 부정행위인지 여부를 평가하며, 이는 대법원 판례(1988. 5. 24. 선고 88므7 판결, 1992. 11. 10. 선고 92므68 판결 등)에 근거합니다.",1,부정행위 범위 기준,"부정행위의 범위와 판단 기준은 무엇인가요? 부정행위는 간통을 포함하는 보다 넓은 개념으로, 간통에 이르지 않더라도 부부의 정조의무를 저버리는 일체의 부정한 행위가 이에 포함됩니다. 구체적인 사안에 따라 그 정도와 상황을 참작하여 부정행위인지 여부를 평가하며, 이는 대법원 판례(1988. 5. 24. 선고 88므7 판결, 1992. 11. 10. 선고 92므68 판결 등)에 근거합니다.",부정행위 범위 기준 간통 포함 보다 개념 이르다 부부 정조 의무 버리다 일체 부정 행위 구체 사안 참작 여부 평 이다 대법원 판례 선고 판결,5,0.47891146,
2020-06-26T09:00:00.000+09:00,제3자가 부부의 일방과 부정행위를 함으로써 발생하는 법적 책임은 무엇인가요?,"대법원 판례에 따르면, 제3자가 부부의 일방과 부정행위를 하여 혼인의 본질에 해당하는 부부공동생활을 침해하거나 유지를 방해하는 행위는 불법행위를 구성합니다. 이로 인해 배우자가 정신적 고통을 겪게 되므로, 그에 대한 손해배상 책임이 발생합니다.",1,부부 일방 부정행위 법적 책임 제3자가,"제3자가 부부의 일방과 부정행위를 함으로써 발생하는 법적 책임은 무엇인가요? 대법원 판례에 따르면, 제3자가 부부의 일방과 부정행위를 하여 혼인의 본질에 해당하는 부부공동생활을 침해하거나 유지를 방해하는 행위는 불법행위를 구성합니다. 이로 인해 배우자가 정신적 고통을 겪게 되므로, 그에 대한 손해배상 책임이 발생합니다.",부부 일방 부정행위 법적 책임 대법원 판례 혼인 본질 해당 생활 유지 방해 행위 불법행위 구성 이로 배우자 정신 고통 겪다 손해배상 제3자가,2,0.9318158,부정행위 및 제3자 개입 책임
2023-04-25T09:00:00.000+09:00,제3자가 타인의 부부공동생활을 침해하여 손해배상 책임이 인정되기 위한 조건은 무엇인가요?,"대법원 판례에 따르면 제3자가 타인의 부부공동생활에 개입하여 혼인의 본질에 해당하는 부부공동생활을 방해하거나 파탄시켜 배우자에게 정신적 고통을 가하는 행위는 원칙적으로 불법행위를 구성합니다. 이러한 불법행위로 인해 책임을 물으려면 제3자가 당사자 중 한 명과 부정행위를 하였다거나 기타 방식으로 부부관계에 부정적인 영향을 미쳤다는 사실이 입증되어야 하며, 이로 인해 배우자가 실질적인 정신적 고통을 받았음을 증명해야 합니다.",1,타인 부부 생활 침해 손해배상 책임 제3자가,"제3자가 타인의 부부공동생활을 침해하여 손해배상 책임이 인정되기 위한 조건은 무엇인가요? 대법원 판례에 따르면 제3자가 타인의 부부공동생활에 개입하여 혼인의 본질에 해당하는 부부공동생활을 방해하거나 파탄시켜 배우자에게 정신적 고통을 가하는 행위는 원칙적으로 불법행위를 구성합니다. 이러한 불법행위로 인해 책임을 물으려면 제3자가 당사자 중 한 명과 부정행위를 하였다거나 기타 방식으로 부부관계에 부정적인 영향을 미쳤다는 사실이 입증되어야 하며, 이로 인해 배우자가 실질적인 정신적 고통을 받았음을 증명해야 합니다.",타인 부부 생활 침해 손해배상 책임 대법원 판례 개입 혼인 본질 해당 파탄 시키다 배우자 정신 고통 가하다 행위 원칙 불법행위 구성 물다 당사자 명 부정행위 기타 방식 관계 부정 영향 입증 되어다 이로 실질 받다 제3자가,6,0.9393037,부정행위 및 제3자 개입 책임
2022-08-10T09:00:00.000+09:00,제3자가 부부의 일방과 부정행위를 했을 때 불법행위로 인정받기 위한 조건은 무엇인가요?,"불법행위로 인정받기 위해서는 제3자가 부부의 일방과 부정행위를 하여 혼인의 본질에 해당하는 부부공동생활을 침해하거나 그 유지를 방해하고, 그로 인해 배우자에게 정신적 고통을 가한 사실이 입증되어야 합니다.",1,부부 일방 부정행위 불법행위 인정받다 제3자가,"제3자가 부부의 일방과 부정행위를 했을 때 불법행위로 인정받기 위한 조건은 무엇인가요? 불법행위로 인정받기 위해서는 제3자가 부부의 일방과 부정행위를 하여 혼인의 본질에 해당하는 부부공동생활을 침해하거나 그 유지를 방해하고, 그로 인해 배우자에게 정신적 고통을 가한 사실이 입증되어야 합니다.",부부 일방 부정행위 불법행위 인정받다 혼인 본질 해당 생활 유지 방해 그로 배우자 정신 고통 가하다 입증 되어다 제3자가,2,0.9194148,부정행위 및 제3자 개입 책임
2019-05-30T09:00:00.000+09:00,"제3자가 부부의 일방과 부정행위를 함으로써 부부 공동생활을 침해한 경우, 배우자에게 정신적 고통을 가한 행위가 불법행위로 인정되는 조건은 무엇인가요?","제3자가 부부의 일방과 부정행위를 함으로써 혼인의 본질에 해당하는 부부 공동생활을 침해하거나 유지를 방해하여 배우자에게 정신적 고통을 가하는 행위는 불법행위를 구성합니다. 여기서 부정한 행위라 함은 간통을 포함하여 부부의 정조 의무에 충실하지 않는 모든 행위를 말하며, 이러한 부정한 행위인지 여부는 각 구체적 사안에 따라 그 정도와 상황을 평가해서 판단해야 합니다(대법원 2014년 11월 20일 선고 2011므2997 전원합의체 판결 참조).",1,부부 일방 부정행위 생활 침해 배우자 정신 고통 가하다 행위 불법행위 제3자가,"제3자가 부부의 일방과 부정행위를 함으로써 부부 공동생활을 침해한 경우, 배우자에게 정신적 고통을 가한 행위가 불법행위로 인정되는 조건은 무엇인가요? 제3자가 부부의 일방과 부정행위를 함으로써 혼인의 본질에 해당하는 부부 공동생활을 침해하거나 유지를 방해하여 배우자에게 정신적 고통을 가하는 행위는 불법행위를 구성합니다. 여기서 부정한 행위라 함은 간통을 포함하여 부부의 정조 의무에 충실하지 않는 모든 행위를 말하며, 이러한 부정한 행위인지 여부는 각 구체적 사안에 따라 그 정도와 상황을 평가해서 판단해야 합니다(대법원 2014년 11월 20일 선고 2011므2997 전원합의체 판결 참조).",부부 일방 부정행위 생활 침해 배우자 정신 고통 가하다 행위 불법행위 혼인 본질 해당 유지 방해 구성 여기 부정 간통 포함 정조 의무 모든 여부 구체 사안 평 대법원 선고 전원 합 판결 참조 제3자가,2,0.9614654,부정행위 및 제3자 개입 책임
2022-04-29T09:00:00.000+09:00,배우자의 부정한 행위는 어떤 범위까지 포함되나요?,"민법 제840조 제1호에서 정한 배우자의 부정한 행위는 간통을 포함하여 보다 넓은 개념으로서, 간통에까지 이르지 않았다고 하더라도 부부의 정조의무에 충실하지 않는 일체의 부정한 행위를 포함합니다.",1,배우자 부정 행위 범위 포함,"배우자의 부정한 행위는 어떤 범위까지 포함되나요? 민법 제840조 제1호에서 정한 배우자의 부정한 행위는 간통을 포함하여 보다 넓은 개념으로서, 간통에까지 이르지 않았다고 하더라도 부부의 정조의무에 충실하지 않는 일체의 부정한 행위를 포함합니다.",배우자 부정 행위 범위 포함 민법 간통 보다 개념 이르다 부부 정조 의무 일체 제840조 제1호에서,1,0.49878412,혼인 파탄의 원인과 법적 책임
2023-05-03T09:00:00.000+09:00,제3자가 부부공동생활을 방해하면 법적 책임이 발생하나요?,"대법원의 판례에 따르면, 제3자가 부부의 일방과 부정행위를 하여 혼인의 본질에 해당하는 부부공동생활을 침해하거나 그 유지를 방해하는 경우, 이는 원칙적으로 불법행위를 구성하여 법적 책임이 발생할 수 있습니다. 이로 인해 정신적 고통을 받은 배우자는 제3자를 상대로 손해배상을 청구할 수 있습니다.",1,부부 생활 방해 법적 책임 하나요 제3자가,"제3자가 부부공동생활을 방해하면 법적 책임이 발생하나요? 대법원의 판례에 따르면, 제3자가 부부의 일방과 부정행위를 하여 혼인의 본질에 해당하는 부부공동생활을 침해하거나 그 유지를 방해하는 경우, 이는 원칙적으로 불법행위를 구성하여 법적 책임이 발생할 수 있습니다. 이로 인해 정신적 고통을 받은 배우자는 제3자를 상대로 손해배상을 청구할 수 있습니다.",부부 생활 방해 법적 책임 하나요 대법원 판례 일방 부정행위 혼인 본질 해당 유지 이다 원칙 불법행위 구성 이로 정신 고통 받다 배우자 상대로 손해배상 청구 제3자가 제3자를,6,0.7038772,부정행위 및 제3자 개입 책임
2017-05-17T09:00:00.000+09:00,배우자의 부정행위로 인한 손해배상의 법률적 근거는 무엇인가요?,"배우자의 부정행위로 인한 손해배상 청구는 민법 제750조에 근거합니다. 이는 불법행위로 인한 손해배상을 규정하고 있으며, 배우자의 부정행위는 혼인관계에서의 권리침해로 인해 발생한 손해로 간주될 수 있습니다. 따라서, 부정행위로 인해 정신적 고통을 겪은 배우자는 손해배상을 청구할 수 있습니다.",1,배우자 부정행위 손해배상 법률,"배우자의 부정행위로 인한 손해배상의 법률적 근거는 무엇인가요? 배우자의 부정행위로 인한 손해배상 청구는 민법 제750조에 근거합니다. 이는 불법행위로 인한 손해배상을 규정하고 있으며, 배우자의 부정행위는 혼인관계에서의 권리침해로 인해 발생한 손해로 간주될 수 있습니다. 따라서, 부정행위로 인해 정신적 고통을 겪은 배우자는 손해배상을 청구할 수 있습니다.",배우자 부정행위 손해배상 법률 청구 민법 이다 불법행위 규정 혼인 관계 권리 침해 손해 간주 따라서 정신 고통 겪다 제750조에,0,0.9076244,위자료 및 손해배상 청구
2021-02-26T09:00:00.000+09:00,제3자가 부부의 일방과 부정행위를 함으로써 혼인의 본질을 침해하는 행위는 어떤 법적 책임이 발생하나요?,"제3자가 부부의 일방과 부정행위를 하여 혼인의 본질인 부부공동생활을 침해하거나 유지를 방해하는 경우, 이는 원칙적으로 불법행위를 구성하며, 이로 인해 배우자에게 입힌 정신적 고통에 대해 금전적인 배상책임을 질 의무가 있습니다. 대법원 판례에 따르면 이러한 행위는 배우자로서의 권리를 침해하는 행위로 간주됩니다.",1,부부 일방 부정행위 혼인 본질 침해 행위 법적 책임 하나요 제3자가,"제3자가 부부의 일방과 부정행위를 함으로써 혼인의 본질을 침해하는 행위는 어떤 법적 책임이 발생하나요? 제3자가 부부의 일방과 부정행위를 하여 혼인의 본질인 부부공동생활을 침해하거나 유지를 방해하는 경우, 이는 원칙적으로 불법행위를 구성하며, 이로 인해 배우자에게 입힌 정신적 고통에 대해 금전적인 배상책임을 질 의무가 있습니다. 대법원 판례에 따르면 이러한 행위는 배우자로서의 권리를 침해하는 행위로 간주됩니다.",부부 일방 부정행위 혼인 본질 침해 행위 법적 책임 하나요 생활 유지 방해 이다 원칙 불법행위 구성 이로 배우자 입히다 정신 고통 대해 금전 배상 의무 대법원 판례 로서 권리 간주 제3자가,2,0.9577949,부정행위 및 제3자 개입 책임
2015-09-16T09:00:00.000+09:00,정신적 고통에 대한 위자료 청구에서 고려해야 할 요소는 무엇인가요?,"정신적 고통에 대한 위자료 청구에서 고려해야 할 요소에는 피해자와 가해자의 관계, 피해자의 연령, 가해자가 폭행에 이르게 된 경위, 상해의 부위 및 정도 등이 포함됩니다. 이러한 요소들을 종합하여 위자료 액수가 결정됩니다.",1,정신 고통 위자료 청구 고려 요소,"정신적 고통에 대한 위자료 청구에서 고려해야 할 요소는 무엇인가요? 정신적 고통에 대한 위자료 청구에서 고려해야 할 요소에는 피해자와 가해자의 관계, 피해자의 연령, 가해자가 폭행에 이르게 된 경위, 상해의 부위 및 정도 등이 포함됩니다. 이러한 요소들을 종합하여 위자료 액수가 결정됩니다.",정신 고통 위자료 청구 고려 요소 피해자 가해자 관계 연령 폭행 이르다 경위 상해 부위 포함 종합 액수 결정,0,0.5600797,위자료 및 손해배상 청구
2022-09-27T09:00:00.000+09:00,부정행위로 인한 정신적 손해배상 청구에서 필요한 증명자료는 무엇인가요?,"부정행위로 인한 정신적 손해배상 청구에서 필요한 증명자료로는 부정행위를 입증할 수 있는 다양한 증거들이 필요합니다. 예를 들어, 배우자가 부정행위를 인정한 진술, 제3자의 증언, 부정행위가 이루어진 장소의 출입 기록, 문자 메시지 등의 통신 기록, 사진 등이 해당됩니다. 이러한 증거들은 부정행위의 구체적인 사실을 뒷받침하여 정신적 손해를 입증하는 데 중요한 역할을 합니다.",1,부정행위 정신 손해배상 청구 자료,"부정행위로 인한 정신적 손해배상 청구에서 필요한 증명자료는 무엇인가요? 부정행위로 인한 정신적 손해배상 청구에서 필요한 증명자료로는 부정행위를 입증할 수 있는 다양한 증거들이 필요합니다. 예를 들어, 배우자가 부정행위를 인정한 진술, 제3자의 증언, 부정행위가 이루어진 장소의 출입 기록, 문자 메시지 등의 통신 기록, 사진 등이 해당됩니다. 이러한 증거들은 부정행위의 구체적인 사실을 뒷받침하여 정신적 손해를 입증하는 데 중요한 역할을 합니다.",부정행위 정신 손해배상 청구 자료 입증 증거 들다 배우자 진술 증언 이루어지다 장소 출입 기록 문자 메시지 통신 사진 해당 구체 뒷받침 손해 역할 제3자의,3,0.90424454,위자료 및 손해배상 청구
2017-11-30T09:00:00.000+09:00,"폭행으로 인한 상해 피해자가 손해배상을 청구할 경우, 입증되어야 할 조건은 무엇인가요?","폭행으로 인한 상해 피해자가 손해배상을 청구하려면, 가해자의 폭행 행위와 피해자가 입은 상해 사이에 인과관계를 입증해야 합니다. 또한, 치료를 요하는 상해의 구체적인 내용을 증빙할 수 있어야 합니다. 예를 들어, 사건 발생일과 치료 내용을 기재한 의학적 서류나 진단서 등이 필요할 수 있습니다.",1,폭행 상해 피해자 손해배상 청구 입증 되어다,"폭행으로 인한 상해 피해자가 손해배상을 청구할 경우, 입증되어야 할 조건은 무엇인가요? 폭행으로 인한 상해 피해자가 손해배상을 청구하려면, 가해자의 폭행 행위와 피해자가 입은 상해 사이에 인과관계를 입증해야 합니다. 또한, 치료를 요하는 상해의 구체적인 내용을 증빙할 수 있어야 합니다. 예를 들어, 사건 발생일과 치료 내용을 기재한 의학적 서류나 진단서 등이 필요할 수 있습니다.",폭행 상해 피해자 손해배상 청구 입증 되어다 가해자 행위 입다 사이 인과관계 또한 치료 요하 구체 증빙 들다 사건 기재 의학 서류 진단,5,0.94220096,
2016-05-19T09:00:00.000+09:00,민법 제840조 제1호에서 부정행위의 범위를 어떻게 해석하나요?,"민법 제840조 제1호에서 정한 부정행위는 간통을 포함하되 그보다 넓은 개념으로 해석됩니다. 즉, 간통에 이르지 않았더라도 부부의 정조 의무에 충실하지 않은 일체의 부정행위가 포함됩니다. 이는 부부공동생활을 침해하거나 그 유지를 방해하는 행위들로서, 간통보다 넓은 범주의 행동을 의미합니다.",1,민법 부정행위 범위 해석 하나요 제840조 제1호에서,"민법 제840조 제1호에서 부정행위의 범위를 어떻게 해석하나요? 민법 제840조 제1호에서 정한 부정행위는 간통을 포함하되 그보다 넓은 개념으로 해석됩니다. 즉, 간통에 이르지 않았더라도 부부의 정조 의무에 충실하지 않은 일체의 부정행위가 포함됩니다. 이는 부부공동생활을 침해하거나 그 유지를 방해하는 행위들로서, 간통보다 넓은 범주의 행동을 의미합니다.",민법 부정행위 범위 해석 하나요 간통 포함 개념 이르다 부부 정조 의무 일체 이다 생활 유지 방해 행위 로서 범주 행동 의미 제840조 제1호에서,2,0.48953652,부정행위 및 제3자 개입 책임
2022-02-15T09:00:00.000+09:00,"배우자가 부정행위를 알리지 않고 상대방과 만났을 때, 부정행위 상대방의 법률적 책임은 어떻게 되나요?","부정행위 상대방이 상대방의 결혼 여부를 알지 못한 상태에서 부정행위를 한 경우, 일반적으로 법적 책임을 지지 않습니다. 다만, 상대방이 결혼 여부를 알게 된 후에도 부정행위를 지속할 경우 법적 책임을 질 수 있습니다. 이는 민법 제750조에 따라 타인의 정신적 고통을 가한 경우에 해당하기 때문입니다.",1,배우자 부정행위 알리 상대방 만나다 법률 책임,"배우자가 부정행위를 알리지 않고 상대방과 만났을 때, 부정행위 상대방의 법률적 책임은 어떻게 되나요? 부정행위 상대방이 상대방의 결혼 여부를 알지 못한 상태에서 부정행위를 한 경우, 일반적으로 법적 책임을 지지 않습니다. 다만, 상대방이 결혼 여부를 알게 된 후에도 부정행위를 지속할 경우 법적 책임을 질 수 있습니다. 이는 민법 제750조에 따라 타인의 정신적 고통을 가한 경우에 해당하기 때문입니다.",배우자 부정행위 알리 상대방 만나다 법률 책임 결혼 여부 상태 일반 법적 지지 다만 지속 이다 민법 타인 정신 고통 가하다 해당 제750조에,3,0.62035674,위자료 및 손해배상 청구
2020-11-04T09:00:00.000+09:00,제3자가 부부 중 한 사람과 부정행위를 하여 손해배상 책임이 발생할 수 있는 경우는 어떤 경우인가요?,"제3자가 타인의 부부공동생활에 개입하여 부부공동생활의 파탄을 초래하거나 방해함으로써 배우자에게 정신적 고통을 가하는 경우 불법행위를 구성할 수 있습니다. 부정행위는 간통을 포함하는 더 넓은 개념으로, 정조의무에 충실하지 않는 일체의 부정한 행위가 포함됩니다. 구체적인 사안에 따라 그 정도와 상황에 따라 평가됩니다.",1,부부 부정행위 손해배상 책임 제3자가,"제3자가 부부 중 한 사람과 부정행위를 하여 손해배상 책임이 발생할 수 있는 경우는 어떤 경우인가요? 제3자가 타인의 부부공동생활에 개입하여 부부공동생활의 파탄을 초래하거나 방해함으로써 배우자에게 정신적 고통을 가하는 경우 불법행위를 구성할 수 있습니다. 부정행위는 간통을 포함하는 더 넓은 개념으로, 정조의무에 충실하지 않는 일체의 부정한 행위가 포함됩니다. 구체적인 사안에 따라 그 정도와 상황에 따라 평가됩니다.",부부 부정행위 손해배상 책임 타인 생활 개입 파탄 초래 거나 방해 배우자 정신 고통 가하다 불법행위 구성 간통 포함 개념 정조 의무 일체 부정 행위 구체 사안 평 제3자가,6,0.917225,부정행위 및 제3자 개입 책임
2016-12-22T09:00:00.000+09:00,"배우자가 있음에도 불구하고 불륜관계를 지속한 경우, 피해 배우자에게 정신적 고통에 대한 배상을 하게 되는 근거는 무엇인가요?","대법원 판례에 따르면, 배우자가 있음에도 불구하고 불륜관계를 지속하여 부부공동생활을 침해한 경우 그로 인해 상대 배우자가 정신적 고통을 받았다고 할 수 있습니다. 이로 인해 불륜을 저지른 당사자는 상대 배우자가 입은 정신적 고통에 대해 배상할 의무가 있습니다. 이는 혼인의 본질을 침해하고 부부관계의 유지를 방해한 행위로 인정되기 때문입니다.",1,배우자 불구 불륜 관계 지속 피해 정신 고통 배상,"배우자가 있음에도 불구하고 불륜관계를 지속한 경우, 피해 배우자에게 정신적 고통에 대한 배상을 하게 되는 근거는 무엇인가요? 대법원 판례에 따르면, 배우자가 있음에도 불구하고 불륜관계를 지속하여 부부공동생활을 침해한 경우 그로 인해 상대 배우자가 정신적 고통을 받았다고 할 수 있습니다. 이로 인해 불륜을 저지른 당사자는 상대 배우자가 입은 정신적 고통에 대해 배상할 의무가 있습니다. 이는 혼인의 본질을 침해하고 부부관계의 유지를 방해한 행위로 인정되기 때문입니다.",배우자 불구 불륜 관계 지속 피해 정신 고통 배상 대법원 판례 부부 생활 침해 그로 상대 받다 이로 저지르다 당사자 입다 대해 의무 이다 혼인 본질 유지 방해 행위,5,0.9422008,
2013-10-02T09:00:00.000+09:00,"차량을 이용해 고의로 사람을 다치게 한 경우, 적용되는 법적 책임은 어떻게 되나요?","차량을 이용해 고의로 사람을 다치게 한 경우, 이는 형법상 폭행죄 또는 상해죄가 적용됩니다. 회피가 불가능한 상황에서 차량을 이용해 고의로 사람을 치는 행위는 폭력행위로 간주되어 형법 제257조의 상해죄에 해당하며, 피해자의 상해 정도에 따라 가중처벌이 적용될 수 있습니다.",1,차량 이용 고 사람 다치다 법적 책임,"차량을 이용해 고의로 사람을 다치게 한 경우, 적용되는 법적 책임은 어떻게 되나요? 차량을 이용해 고의로 사람을 다치게 한 경우, 이는 형법상 폭행죄 또는 상해죄가 적용됩니다. 회피가 불가능한 상황에서 차량을 이용해 고의로 사람을 치는 행위는 폭력행위로 간주되어 형법 제257조의 상해죄에 해당하며, 피해자의 상해 정도에 따라 가중처벌이 적용될 수 있습니다.",차량 이용 고 사람 다치다 법적 책임 이다 형법 폭행죄 상해죄 회피 치다 행위 폭력 간주 되어다 해당 피해자 상해 가중 처벌 제257조의,4,0.8663754,부정행위의 법률적 근거
2019-02-01T09:00:00.000+09:00,부정행위에 대한 손해배상 청구에서 정신적 손해를 배상받기 위해 필요한 조건은 무엇인가요?,"부정행위에 대한 손해배상 청구에서 피해자가 정신적 손해를 배상받기 위해서는, 제3자가 부부의 일방과 부정행위를 하여 그 부부의 공동생활을 방해함으로써 배우자의 권리를 침해하고 정신적 고통을 발생시켰음을 입증해야 합니다. 이는 대법원 2015. 5. 29. 선고 2013므2441 판결에 따라, 부부의 일방과의 부정행위가 혼인의 본질에 해당하는 부부공동생활을 침해해야 한다는 조건을 포함합니다.",1,부정행위 손해배상 청구 정신 손해 배상 받다,"부정행위에 대한 손해배상 청구에서 정신적 손해를 배상받기 위해 필요한 조건은 무엇인가요? 부정행위에 대한 손해배상 청구에서 피해자가 정신적 손해를 배상받기 위해서는, 제3자가 부부의 일방과 부정행위를 하여 그 부부의 공동생활을 방해함으로써 배우자의 권리를 침해하고 정신적 고통을 발생시켰음을 입증해야 합니다. 이는 대법원 2015. 5. 29. 선고 2013므2441 판결에 따라, 부부의 일방과의 부정행위가 혼인의 본질에 해당하는 부부공동생활을 침해해야 한다는 조건을 포함합니다.",부정행위 손해배상 청구 정신 손해 배상 받다 피해자 부부 일방 생활 방해 배우자 권리 침해 고통 시키다 입증 이다 대법원 선고 판결 혼인 본질 해당 포함 제3자가,5,0.9422011,
2017-09-27T09:00:00.000+09:00,"제3자가 혼인한 사람과 부정행위를 저지른 경우, 그에 대한 손해배상 책임이 인정되기 위한 조건은 무엇인가요?","제3자가 혼인한 사람과 부정행위를 저지른 경우, 일정한 조건을 충족해야 손해배상 책임이 인정됩니다. 먼저 부부일방과 부정행위를 하였다는 사실이 있어야 하며, 그로 인해 부부공동생활을 사실상 파탄시켜 상대방 배우자가 정신적 고통을 받았다는 점을 입증해야 합니다. 또한 제3자가 상대방이 기혼자임을 알고 있었다는 점도 입증되어야 합니다.",1,혼인 부정행위 저지르다 손해배상 책임 제3자가,"제3자가 혼인한 사람과 부정행위를 저지른 경우, 그에 대한 손해배상 책임이 인정되기 위한 조건은 무엇인가요? 제3자가 혼인한 사람과 부정행위를 저지른 경우, 일정한 조건을 충족해야 손해배상 책임이 인정됩니다. 먼저 부부일방과 부정행위를 하였다는 사실이 있어야 하며, 그로 인해 부부공동생활을 사실상 파탄시켜 상대방 배우자가 정신적 고통을 받았다는 점을 입증해야 합니다. 또한 제3자가 상대방이 기혼자임을 알고 있었다는 점도 입증되어야 합니다.",혼인 부정행위 저지르다 손해배상 책임 충족 부부 방 그로 생활 파탄 시키다 상대방 배우자 정신 고통 받다 입증 또한 기혼 자임 점도 되어다 제3자가,3,0.9337167,위자료 및 손해배상 청구
2023-01-18T09:00:00.000+09:00,제3자가 부부의 일방과 부정행위를 함으로써 불법행위가 성립하는 조건은 무엇인가요?,"제3자가 부부의 일방과 부정행위를 함으로써 혼인의 본질에 해당하는 부부공동생활을 침해하거나 그 유지를 방해하고 그에 대한 배우자로서의 권리를 침해하여 배우자에게 정신적 고통을 가한 경우, 불법행위가 성립합니다. 이는 대법원 판례(2014. 11. 20. 선고 2011므2997)에 근거하고 있습니다.",1,부부 일방 부정행위 불법행위 제3자가,"제3자가 부부의 일방과 부정행위를 함으로써 불법행위가 성립하는 조건은 무엇인가요? 제3자가 부부의 일방과 부정행위를 함으로써 혼인의 본질에 해당하는 부부공동생활을 침해하거나 그 유지를 방해하고 그에 대한 배우자로서의 권리를 침해하여 배우자에게 정신적 고통을 가한 경우, 불법행위가 성립합니다. 이는 대법원 판례(2014. 11. 20. 선고 2011므2997)에 근거하고 있습니다.",부부 일방 부정행위 불법행위 혼인 본질 해당 생활 유지 방해 배우자 로서 권리 침해 정신 고통 가하다 이다 대법원 판례 선고 제3자가,2,0.9194148,부정행위 및 제3자 개입 책임
2019-06-12T09:00:00.000+09:00,"혼인 중 한 쪽 배우자가 외도를 한 경우, 제3자의 행위가 불법행위를 구성하는 조건은 무엇인가요?","대법원 판례에 따르면, 제3자가 부부의 일방과 부정행위를 함으로써 혼인의 본질에 해당하는 부부공동생활을 침해하거나 유지를 방해하고 그에 대한 배우자로서의 권리를 침해하여 배우자에게 정신적 고통을 가하는 행위는 원칙적으로 불법행위를 구성합니다. 이때의 '부정행위'란 간통을 포함하는 보다 넓은 개념으로, 간통에까지는 이르지 않더라도 부부의 정조의무에 충실하지 않는 모든 부정한 행위를 포함합니다. 부정한 행위 여부는 구체적 사안에 따라 그 정도와 상황을 참작하여 평가하여야 합니다.",1,혼인 배우자 외도 행위 불법행위 구성 제3자의,"혼인 중 한 쪽 배우자가 외도를 한 경우, 제3자의 행위가 불법행위를 구성하는 조건은 무엇인가요? 대법원 판례에 따르면, 제3자가 부부의 일방과 부정행위를 함으로써 혼인의 본질에 해당하는 부부공동생활을 침해하거나 유지를 방해하고 그에 대한 배우자로서의 권리를 침해하여 배우자에게 정신적 고통을 가하는 행위는 원칙적으로 불법행위를 구성합니다. 이때의 '부정행위'란 간통을 포함하는 보다 넓은 개념으로, 간통에까지는 이르지 않더라도 부부의 정조의무에 충실하지 않는 모든 부정한 행위를 포함합니다. 부정한 행위 여부는 구체적 사안에 따라 그 정도와 상황을 참작하여 평가하여야 합니다.",혼인 배우자 외도 행위 불법행위 구성 대법원 판례 부부 일방 부정행위 본질 해당 생활 유지 방해 로서 권리 침해 정신 고통 가하다 원칙 간통 포함 보다 개념 이르다 정조 의무 모든 부정 여부 구체 사안 참작 평 제3자의 제3자가,5,0.9333069,
2019-10-24T09:00:00.000+09:00,부정한 행위가 법적으로 인정되기 위한 기준은 무엇인가요?,"부정한 행위에 대한 법적 기준은 민법 제840조 1호에서 규정된 바와 같이, 간통을 포함한 부정행위의 정의에 따라, 배우자 간의 정조의무를 위반하는 모든 행위를 포괄하여 해석됩니다. 즉, 단순한 친밀한 관계가 아닌 성적 성실의무를 위반했음을 입증해야 합니다.",1,부정 행위 법적 기준,"부정한 행위가 법적으로 인정되기 위한 기준은 무엇인가요? 부정한 행위에 대한 법적 기준은 민법 제840조 1호에서 규정된 바와 같이, 간통을 포함한 부정행위의 정의에 따라, 배우자 간의 정조의무를 위반하는 모든 행위를 포괄하여 해석됩니다. 즉, 단순한 친밀한 관계가 아닌 성적 성실의무를 위반했음을 입증해야 합니다.",부정 행위 법적 기준 민법 규정 간통 포함 부정행위 정 배우자 간 정조 의무 위반 모든 포괄 해석 관계 성적 성실 입증 제840조,1,0.9001217,혼인 파탄의 원인과 법적 책임
2015-05-13T09:00:00.000+09:00,배우자의 부정행위로 인한 손해배상 책임 범위를 결정하는 요소는 무엇인가요?,"배우자의 부정행위로 인한 손해배상 책임 범위를 결정하는 요소로는 혼인 기간, 부정행위의 기간과 정도, 법률상 혼인관계 유지 여부, 가담자의 나이와 직업, 사건 전후의 경위 등이 있습니다. 이러한 여러 가지 사정들을 종합적으로 참작하여 손해배상액을 결정합니다.",1,배우자 부정행위 손해배상 책임 범위 결정 요소,"배우자의 부정행위로 인한 손해배상 책임 범위를 결정하는 요소는 무엇인가요? 배우자의 부정행위로 인한 손해배상 책임 범위를 결정하는 요소로는 혼인 기간, 부정행위의 기간과 정도, 법률상 혼인관계 유지 여부, 가담자의 나이와 직업, 사건 전후의 경위 등이 있습니다. 이러한 여러 가지 사정들을 종합적으로 참작하여 손해배상액을 결정합니다.",배우자 부정행위 손해배상 책임 범위 결정 요소 혼인 기간 법률상 관계 유지 여부 가담 나이 직업 사건 전후 경위 여러 가지 사정 종합 참작,3,0.94255614,위자료 및 손해배상 청구
2023-01-17T09:00:00.000+09:00,불륜관계로 인해 발생한 정신적 손해에 대한 배상책임은 어떻게 결정되나요?,"불륜관계로 인해 발생한 정신적 손해에 대한 배상책임은 부정행위가 혼인의 본질에 해당하는 부부 공동생활을 침해하거나 유지를 방해하여 배우자에게 정신적 고통을 가한 경우 불법행위로 인정되어 배상책임이 발생합니다. 이는 부정행위의 기간, 그 정도, 혼인관계에 미친 영향 등을 종합적으로 고려해 판단됩니다.",1,불륜 관계 정신 손해 배상 책임 결정,"불륜관계로 인해 발생한 정신적 손해에 대한 배상책임은 어떻게 결정되나요? 불륜관계로 인해 발생한 정신적 손해에 대한 배상책임은 부정행위가 혼인의 본질에 해당하는 부부 공동생활을 침해하거나 유지를 방해하여 배우자에게 정신적 고통을 가한 경우 불법행위로 인정되어 배상책임이 발생합니다. 이는 부정행위의 기간, 그 정도, 혼인관계에 미친 영향 등을 종합적으로 고려해 판단됩니다.",불륜 관계 정신 손해 배상 책임 결정 부정행위 혼인 본질 해당 부부 생활 유지 방해 배우자 고통 가하다 불법행위 되어다 이다 기간 영향 종합 고려,3,0.9425561,위자료 및 손해배상 청구
2020-10-20T09:00:00.000+09:00,법률상 배우자와 제3자 사이에 부정행위가 있었다는 것을 입증하는 방법은?,"법률상 부부 사이에 부정행위가 있었다는 것을 입증하기 위해서는 당사자의 진술 외에도 구체적인 사례와 증거, 예를 들어, 통화 내용, 생활 및 동거 내역, 서로 주고받은 메시지 등을 제시함으로써 부부의 정조의무에 충실하지 않았음을 증명해야 합니다.",1,법률상 배우자 사이 부정행위 입증 제3자,"법률상 배우자와 제3자 사이에 부정행위가 있었다는 것을 입증하는 방법은? 법률상 부부 사이에 부정행위가 있었다는 것을 입증하기 위해서는 당사자의 진술 외에도 구체적인 사례와 증거, 예를 들어, 통화 내용, 생활 및 동거 내역, 서로 주고받은 메시지 등을 제시함으로써 부부의 정조의무에 충실하지 않았음을 증명해야 합니다.",법률상 배우자 사이 부정행위 입증 부부 당사자 진술 구체 사례 증거 들다 통화 생활 동거 서로 주고받다 메시지 정조 의무 제3자,5,0.8761132,
2022-02-15T09:00:00.000+09:00,"부부공동생활이 파탄된 경우, 제3자의 부정행위에 대한 법적 평가 기준은 무엇인가요?","대법원 판례에 따르면, 부부가 장기간 별거 등으로 실질적으로 부부공동생활이 파탄된 경우, 제3자가 부부의 일방과의 부정행위로 인해 불법행위가 성립하지 않습니다. 이때는 혼인관계의 실체가 더 이상 존재하지 않는 상태로 간주됩니다.",1,부부 생활 파탄 부정행위 법적 평 기준 제3자의,"부부공동생활이 파탄된 경우, 제3자의 부정행위에 대한 법적 평가 기준은 무엇인가요? 대법원 판례에 따르면, 부부가 장기간 별거 등으로 실질적으로 부부공동생활이 파탄된 경우, 제3자가 부부의 일방과의 부정행위로 인해 불법행위가 성립하지 않습니다. 이때는 혼인관계의 실체가 더 이상 존재하지 않는 상태로 간주됩니다.",부부 생활 파탄 부정행위 법적 평 기준 대법원 판례 장기간 별거 실질 일방 불법행위 혼인 관계 실체 이상 존재 상태 간주 제3자의 제3자가,1,0.9471326,혼인 파탄의 원인과 법적 책임
2015-09-22T09:00:00.000+09:00,"폭행 사건에서 가해자가 폭행으로 인해 상해를 입힌 경우, 피해자에 대한 손해배상 책임에서 벗어나기 위해 어떤 주장을 해야 하나요?","가해자가 손해배상 책임에서 벗어나기 위해서는 피해자가 먼저 도발하여 가해자의 폭행에 기여한 점을 주장해야 합니다. 또한, 가해자는 자신이 피해자의 도발에 따른 정당방위로 폭행을 했음을 입증해야 합니다. 예를 들어, 피해자가 가슴을 치며 도발하였고 이에 따라 감정이 격해져 폭행이 발생했음을 증명해야 합니다. 하지만 이러한 주장에도 불구하고, 가해자의 폭행으로 인해 입은 상해가 심각하다면 완전히 책임을 면제받기 어려울 수 있습니다.",1,폭행 사건 가해자 상해 입히다 피해자 손해배상 책임 벗어나다 하나요,"폭행 사건에서 가해자가 폭행으로 인해 상해를 입힌 경우, 피해자에 대한 손해배상 책임에서 벗어나기 위해 어떤 주장을 해야 하나요? 가해자가 손해배상 책임에서 벗어나기 위해서는 피해자가 먼저 도발하여 가해자의 폭행에 기여한 점을 주장해야 합니다. 또한, 가해자는 자신이 피해자의 도발에 따른 정당방위로 폭행을 했음을 입증해야 합니다. 예를 들어, 피해자가 가슴을 치며 도발하였고 이에 따라 감정이 격해져 폭행이 발생했음을 증명해야 합니다. 하지만 이러한 주장에도 불구하고, 가해자의 폭행으로 인해 입은 상해가 심각하다면 완전히 책임을 면제받기 어려울 수 있습니다.",폭행 사건 가해자 상해 입히다 피해자 손해배상 책임 벗어나다 하나요 도발 기여 또한 자신 정당방위 입증 들다 가슴 감정 불구 입다 면제 받다 어리다,2,0.94786155,부정행위 및 제3자 개입 책임
2020-10-21T09:00:00.000+09:00,부정행위 판단의 기준은 무엇인가요?,"부정행위를 판단하는 기준은 '부부의 정조의무'에 충실하지 않는 모든 부정한 행위로 정의됩니다. 이는 간통행위뿐만 아니라, 부부의 공동생활을 방해하는 다른 형태의 행위도 포함됩니다. 법원은 특정 행위의 성격과 정도를 평가하여 부정행위 여부를 결정되고, 이는 구체적 사안에 따라 다르게 판단될 수 있습니다 (대법원 1988. 5. 24. 선고 88므7 판결).",1,부정행위 기준,"부정행위 판단의 기준은 무엇인가요? 부정행위를 판단하는 기준은 '부부의 정조의무'에 충실하지 않는 모든 부정한 행위로 정의됩니다. 이는 간통행위뿐만 아니라, 부부의 공동생활을 방해하는 다른 형태의 행위도 포함됩니다. 법원은 특정 행위의 성격과 정도를 평가하여 부정행위 여부를 결정되고, 이는 구체적 사안에 따라 다르게 판단될 수 있습니다 (대법원 1988. 5. 24. 선고 88므7 판결).",부정행위 기준 부부 정조 의무 모든 부정 행위 정 이다 간통 생활 방해 다른 형태 포함 법원 특정 성격 평 여부 결정 구체 사안 대법원 선고 판결,1,0.82016236,혼인 파탄의 원인과 법적 책임
2021-10-27T09:00:00.000+09:00,불법행위로 인한 손해배상에서 부정행위의 인정 기준은 무엇인가요?,"민법 제840조는 배우자의 부정한 행위를 포함하여 부부의 정조 의무를 위반하는 행위를 규정하고 있습니다. 이러한 부정행위인지 여부는 각 구체적 사안에 따라 그 정도와 상황을 고려하여 평가해야 하며, 대법원 판례에 따르면, 타인의 부부공동생활에 개입하여 부부생활을 파탄에 이르게 하는 경우에는 불법행위로 인정될 수 있습니다.",1,불법행위 손해배상 부정행위 기준,"불법행위로 인한 손해배상에서 부정행위의 인정 기준은 무엇인가요? 민법 제840조는 배우자의 부정한 행위를 포함하여 부부의 정조 의무를 위반하는 행위를 규정하고 있습니다. 이러한 부정행위인지 여부는 각 구체적 사안에 따라 그 정도와 상황을 고려하여 평가해야 하며, 대법원 판례에 따르면, 타인의 부부공동생활에 개입하여 부부생활을 파탄에 이르게 하는 경우에는 불법행위로 인정될 수 있습니다.",불법행위 손해배상 부정행위 기준 민법 배우자 부정 행위 포함 부부 정조 의무 위반 규정 여부 구체 사안 고려 평 대법원 판례 타인 생활 개입 파탄 이르다 제840조는,3,0.90424573,위자료 및 손해배상 청구
2023-04-06T09:00:00.000+09:00,"배우자가 있는 사람과 부정행위를 지속한 경우, 손해배상 책임이 발생하는 기준은 무엇인가요?","민법 제750조에 따르면, 배우자가 있는 사람과 부정행위를 지속한 경우, 그 행위가 고의에 의한 위법행위로 인정될 때 손해배상 책임이 발생합니다. 이는 상대방 배우자가 정신적 고통을 입었음을 증명하여야 하며, 손해배상액은 부정행위의 기간과 빈도, 동기, 행위자의 반성 태도, 연령, 직업, 재산 정도, 혼인 기간 및 가족관계 등 여러 사정을 고려하여 결정됩니다.",1,배우자 부정행위 지속 손해배상 책임 기준,"배우자가 있는 사람과 부정행위를 지속한 경우, 손해배상 책임이 발생하는 기준은 무엇인가요? 민법 제750조에 따르면, 배우자가 있는 사람과 부정행위를 지속한 경우, 그 행위가 고의에 의한 위법행위로 인정될 때 손해배상 책임이 발생합니다. 이는 상대방 배우자가 정신적 고통을 입었음을 증명하여야 하며, 손해배상액은 부정행위의 기간과 빈도, 동기, 행위자의 반성 태도, 연령, 직업, 재산 정도, 혼인 기간 및 가족관계 등 여러 사정을 고려하여 결정됩니다.",배우자 부정행위 지속 손해배상 책임 기준 민법 행위 고 위법행위 이다 상대방 정신 고통 입다 기간 빈도 동기 행위자 반성 태도 연령 직업 재산 혼인 가족 관계 여러 사정 고려 결정 제750조에,3,0.93371636,위자료 및 손해배상 청구
2019-10-02T09:00:00.000+09:00,"상대방이 혼인 여부를 속이고 교제하면서 성관계를 가진 경우, 불법행위로 인한 손해배상 청구가 가능한가요?","상대방이 혼인 여부를 속이고 교제하면서 성관계를 가진 경우, 이는 신의성실의 의무에 비추어 비난받을 정도의 기망행위 및 혼인빙자간음행위에 해당하여 불법행위를 구성합니다. 이러한 경우, 피해자는 정신적 고통에 대한 위자료를 청구할 수 있습니다. 관련법리상 혼인 여부는 혼인의사나 교제 여부를 결정하는 데 있어 중요한 사항이므로, 이를 속인 행위는 불법행위가 성립됩니다.",1,상대방 혼인 여부 교제 성관계 가지다 불법행위 손해배상 청구,"상대방이 혼인 여부를 속이고 교제하면서 성관계를 가진 경우, 불법행위로 인한 손해배상 청구가 가능한가요? 상대방이 혼인 여부를 속이고 교제하면서 성관계를 가진 경우, 이는 신의성실의 의무에 비추어 비난받을 정도의 기망행위 및 혼인빙자간음행위에 해당하여 불법행위를 구성합니다. 이러한 경우, 피해자는 정신적 고통에 대한 위자료를 청구할 수 있습니다. 관련법리상 혼인 여부는 혼인의사나 교제 여부를 결정하는 데 있어 중요한 사항이므로, 이를 속인 행위는 불법행위가 성립됩니다.",상대방 혼인 여부 교제 성관계 가지다 불법행위 손해배상 청구 이다 신의성실 의무 비추다 비난 받다 기망행위 빙자 간음 행위 해당 구성 피해자 정신 고통 위자료 법리 의사 결정 사항 이르다 속인,3,0.9337161,위자료 및 손해배상 청구
2020-12-22T09:00:00.000+09:00,부부생활에서 부정행위가 일어났을때 손해배상은 어떻게 정해지나요?,"혼인 관계의 본질에 해당하는 부부 공동생활의 방해는 원칙적으로 불법행위를 구성하며, 이는 제3자가 배우자와 부정행위를 함으로써 발생하는 정신적 고통에 대해 손해배상을 청구할 수 있는 조건이 됩니다. 제3자가 부부의 일방과의 불법행위로 인해 배우자의 권리를 침해하고 정신적 고통을 가한 경우, 그 행위는 불법으로 인정됩니다. 이러한 경우, 손해배상 청구의 인정 범위에는 교제 시 배우자 존재에 대한 인식 여부와 혼인 관계의 유지를 방해하는 정도가 포함됩니다. 또한, 피고가 주장하는 과실 상계의 경우, 원고에게 참작할 과실이 없다는 증거가 필요하며, 상대방의 불법행위 및 그로 인한 손해의 발생이 입증되어야 합니다. 이 사건에서 피고는 부정행위를 통해 원고에게 정신적 고통을 가했으므로, 원고는 금전적인 손해배상을 청구할 수 있습니다. 손해배상의 금액은 원고와 피고 간의 부정행위의 경과와 내용을 토대로 적정하게 산정됩니다.",1,부부 생활 부정행위 일어나다 손해배상 정해지다,"부부생활에서 부정행위가 일어났을때 손해배상은 어떻게 정해지나요? 혼인 관계의 본질에 해당하는 부부 공동생활의 방해는 원칙적으로 불법행위를 구성하며, 이는 제3자가 배우자와 부정행위를 함으로써 발생하는 정신적 고통에 대해 손해배상을 청구할 수 있는 조건이 됩니다. 제3자가 부부의 일방과의 불법행위로 인해 배우자의 권리를 침해하고 정신적 고통을 가한 경우, 그 행위는 불법으로 인정됩니다. 이러한 경우, 손해배상 청구의 인정 범위에는 교제 시 배우자 존재에 대한 인식 여부와 혼인 관계의 유지를 방해하는 정도가 포함됩니다. 또한, 피고가 주장하는 과실 상계의 경우, 원고에게 참작할 과실이 없다는 증거가 필요하며, 상대방의 불법행위 및 그로 인한 손해의 발생이 입증되어야 합니다. 이 사건에서 피고는 부정행위를 통해 원고에게 정신적 고통을 가했으므로, 원고는 금전적인 손해배상을 청구할 수 있습니다. 손해배상의 금액은 원고와 피고 간의 부정행위의 경과와 내용을 토대로 적정하게 산정됩니다.",부부 생활 부정행위 일어나다 손해배상 정해지다 혼인 관계 본질 해당 방해 원칙 불법행위 구성 이다 배우자 정신 고통 대해 청구 일방 권리 침해 가하다 행위 불법 범위 교제 존재 인식 여부 유지 포함 또한 피고 과실 상계 원고 참작 증거 상대방 그로 손해 입증 되어다 사건 통해 금전 금액 간 경 토대 산정 제3자가,6,0.8988234,부정행위 및 제3자 개입 책임
2020-08-12T09:00:00.000+09:00,배우자의 부정행위로 인해 청구할 수 있는 위자료는 어떻게 결정되나요?,"배우자의 부정행위로 인해 청구할 수 있는 위자료는 부정행위의 내용, 정도, 기간과 부부의 혼인생활 기간, 가족관계, 부정행위가 부부 공동생활에 미친 영향 등 여러 사정을 종합적으로 고려하여 결정됩니다. 예를 들어, 부정행위의 정도와 기간이 긴 경우, 부부생활에 미친 영향이 클수록 높은 금액의 위자료가 결정될 수 있습니다.",1,배우자 부정행위 청구 위자료 결정,"배우자의 부정행위로 인해 청구할 수 있는 위자료는 어떻게 결정되나요? 배우자의 부정행위로 인해 청구할 수 있는 위자료는 부정행위의 내용, 정도, 기간과 부부의 혼인생활 기간, 가족관계, 부정행위가 부부 공동생활에 미친 영향 등 여러 사정을 종합적으로 고려하여 결정됩니다. 예를 들어, 부정행위의 정도와 기간이 긴 경우, 부부생활에 미친 영향이 클수록 높은 금액의 위자료가 결정될 수 있습니다.",배우자 부정행위 청구 위자료 결정 기간 부부 혼인 생활 가족 관계 영향 여러 사정 종합 고려 들다 기다 크다 금액,0,0.92442536,위자료 및 손해배상 청구
2021-05-12T09:00:00.000+09:00,"이혼 당시 조정조서에 따라 부과된 의무를 이행하지 않은 경우, 구상권과 손해배상 청구가 가능한 조건은 무엇인가요?","구상권과 손해배상 청구가 가능하려면 이혼 당시 조정조서에 명시된 의무를 상대방 배우자가 이행하지 않았다는 사실을 입증해야 합니다. 조정조항에서 특정 대출의 변제가 상대방의 책임으로 명시된 경우, 이를 이행하지 않아 발생한 손해에 대해 구상권을 행사할 수 있습니다. 또한, 손해배상 청구 시 지연손해금도 함께 청구할 수 있으며, 이는 소송촉진 등에 관한 특례법에 따라 연 12%의 비율로 산정됩니다.",1,이혼 당시 조정 조서 부 의무 이행 구상권 손해배상 청구,"이혼 당시 조정조서에 따라 부과된 의무를 이행하지 않은 경우, 구상권과 손해배상 청구가 가능한 조건은 무엇인가요? 구상권과 손해배상 청구가 가능하려면 이혼 당시 조정조서에 명시된 의무를 상대방 배우자가 이행하지 않았다는 사실을 입증해야 합니다. 조정조항에서 특정 대출의 변제가 상대방의 책임으로 명시된 경우, 이를 이행하지 않아 발생한 손해에 대해 구상권을 행사할 수 있습니다. 또한, 손해배상 청구 시 지연손해금도 함께 청구할 수 있으며, 이는 소송촉진 등에 관한 특례법에 따라 연 12%의 비율로 산정됩니다.",이혼 당시 조정 조서 부 의무 이행 구상권 손해배상 청구 명시 상대방 배우자 입증 조항 특정 대출 변제 책임 이르다 손해 대해 행사 또한 지연손해금 이다 소송 촉진 특례법 비율 산정,3,0.6819063,위자료 및 손해배상 청구
2022-04-20T09:00:00.000+09:00,사실혼 배우자가 사망자의 재산을 청구할 때 필요한 증거는 무엇인가요?,"사실혼 배우자가 사망자의 재산을 청구하려면 명확한 처분문서나 기타 증거가 필요합니다. 이러한 증거 없이는 사실혼 배우자가 사망한 배우자의 재산을 청구하는 것은 인정되지 않습니다. 예를 들어, 대여금이나 변제 관련 청구는 명확한 영수증이나 계좌이체 내역 등의 증거가 있어야 합니다.",1,사실혼 배우자 사망자 재산 청구 증거,"사실혼 배우자가 사망자의 재산을 청구할 때 필요한 증거는 무엇인가요? 사실혼 배우자가 사망자의 재산을 청구하려면 명확한 처분문서나 기타 증거가 필요합니다. 이러한 증거 없이는 사실혼 배우자가 사망한 배우자의 재산을 청구하는 것은 인정되지 않습니다. 예를 들어, 대여금이나 변제 관련 청구는 명확한 영수증이나 계좌이체 내역 등의 증거가 있어야 합니다.",사실혼 배우자 사망자 재산 청구 증거 처분 문서 기타 사망 들다 변제 영수증 계좌 이체,0,0.92442465,위자료 및 손해배상 청구
2020-06-24T09:00:00.000+09:00,제3자가 부정행위로 인해 배우자에게 정신적 고통을 가했을 때 불법행위를 구성하는 조건은 무엇인가요?,"제3자가 부부의 일방과 부정행위를 함으로써 혼인의 본질인 부부공동생활을 침해하거나 유지를 방해하고 그에 대한 배우자로서의 권리를 침해하여 정신적 고통을 가한 행위는 원칙적으로 불법행위를 구성합니다. 이는 대법원 판결과 같은 관련법리를 통해 확인할 수 있으며, 이로 인해 피해자에게 정신적 고통이 발생하는 경우 가해자는 위자료 지급 의무가 발생합니다.",1,부정행위 배우자 정신 고통 가하다 불법행위 구성 제3자가,"제3자가 부정행위로 인해 배우자에게 정신적 고통을 가했을 때 불법행위를 구성하는 조건은 무엇인가요? 제3자가 부부의 일방과 부정행위를 함으로써 혼인의 본질인 부부공동생활을 침해하거나 유지를 방해하고 그에 대한 배우자로서의 권리를 침해하여 정신적 고통을 가한 행위는 원칙적으로 불법행위를 구성합니다. 이는 대법원 판결과 같은 관련법리를 통해 확인할 수 있으며, 이로 인해 피해자에게 정신적 고통이 발생하는 경우 가해자는 위자료 지급 의무가 발생합니다.",부정행위 배우자 정신 고통 가하다 불법행위 구성 부부 일방 혼인 본질 생활 유지 방해 로서 권리 침해 행위 원칙 이다 대법원 판결 법리 통해 확인 이로 피해자 가해자 위자료 지급 의무 제3자가,2,0.6962285,부정행위 및 제3자 개입 책임
2014-10-07T09:00:00.000+09:00,이혼 후에도 연대보증이 인정되기 위한 요건은 무엇인가요?,"이혼 후에도 연대보증이 인정되려면 체결된 보증계약이나 배서행위가 보증인의 명백한 의사에 기한 것임이 증명되어야 합니다. 예를 들어, 이혼 후에도 전 배우자의 채무에 대해 연대보증인이 되기로 동의하였다면 이를 입증하는 서류나 증거가 필요합니다.",1,이혼 연대보증,"이혼 후에도 연대보증이 인정되기 위한 요건은 무엇인가요? 이혼 후에도 연대보증이 인정되려면 체결된 보증계약이나 배서행위가 보증인의 명백한 의사에 기한 것임이 증명되어야 합니다. 예를 들어, 이혼 후에도 전 배우자의 채무에 대해 연대보증인이 되기로 동의하였다면 이를 입증하는 서류나 증거가 필요합니다.",이혼 연대보증 체결 보증계약 배서 행위 보증인 의사 기한 것임 되어다 들다 배우자 채무 대해 동 이르다 입증 서류 증거,8,0.70230484,이혼 시 금전 문제 (재산분할·양육비)
2021-09-28T09:00:00.000+09:00,배우자의 부정행위로 인해 손해배상을 청구할 수 있는 법적 근거는 무엇인가요?,"배우자의 부정행위로 인해 손해배상을 청구할 수 있는 법적 근거는 민법 제750조에 의한 불법행위책임입니다. 이에 따르면, 타인에게 고의 또는 과실로 인하여 불법행위를 저지른 자는 그로 인해 발생한 손해를 배상해야 합니다. 또한, 부정행위로 인해 혼인생활에 정신적 고통을 받은 경우 이에 대한 위자료 청구가 가능합니다.",1,배우자 부정행위 손해배상 청구 법적,"배우자의 부정행위로 인해 손해배상을 청구할 수 있는 법적 근거는 무엇인가요? 배우자의 부정행위로 인해 손해배상을 청구할 수 있는 법적 근거는 민법 제750조에 의한 불법행위책임입니다. 이에 따르면, 타인에게 고의 또는 과실로 인하여 불법행위를 저지른 자는 그로 인해 발생한 손해를 배상해야 합니다. 또한, 부정행위로 인해 혼인생활에 정신적 고통을 받은 경우 이에 대한 위자료 청구가 가능합니다.",배우자 부정행위 손해배상 청구 법적 민법 불법행위 책임 타인 고 과실 저지르다 자다 그로 손해 배상 또한 혼인 생활 정신 고통 받다 위자료 제750조에,5,0.92117655,
2015-04-17T09:00:00.000+09:00,"이혼조정이 성립된 경우, 혼인기간 중 발생한 일들에 대한 소 제기는 가능할까요?","이혼조정 시 '혼인 기간 중 발생한 일들에 대하여 소를 제기하지 않기로 한다'는 부제소합의가 있을 경우, 혼인생활기간 중 발생한 일들에 대한 소 제기는 원칙적으로 불가능합니다. 이는 이혼조정을 통해 모든 분쟁을 종결하고, 이후 더 이상의 법적 분쟁을 발생시키지 않기로 한 합의가 있기 때문입니다.",1,이혼 정이 혼인 기간 제기,"이혼조정이 성립된 경우, 혼인기간 중 발생한 일들에 대한 소 제기는 가능할까요? 이혼조정 시 '혼인 기간 중 발생한 일들에 대하여 소를 제기하지 않기로 한다'는 부제소합의가 있을 경우, 혼인생활기간 중 발생한 일들에 대한 소 제기는 원칙적으로 불가능합니다. 이는 이혼조정을 통해 모든 분쟁을 종결하고, 이후 더 이상의 법적 분쟁을 발생시키지 않기로 한 합의가 있기 때문입니다.",이혼 정이 혼인 기간 제기 조정 대하 부제 합 생활 원칙 이다 통해 모든 분쟁 종결 이상 법적 시키다,7,0.44190285,혼인 파탄의 원인과 법적 책임
2021-04-14T09:00:00.000+09:00,제3자의 부정행위로 인해 배우자가 받을 수 있는 손해배상 범위는 어떻게 되나요?,"제3자의 부정행위로 인해 배우자가 입은 정신적 고통은 금전적으로 배상받을 수 있습니다. 실제 사례에서는 혼인기간, 가족관계, 부정행위의 내용과 정도, 그 부정행위가 부부공동생활에 미친 영향을 고려해 위자료 액수가 결정됩니다. 예를 들어, 부정행위로 인해 부부공동생활이 파탄에 이르렀을 때 배우자가 청구할 수 있는 위자료 액수는 사례에 따라 다르지만, 사례에서는 20,000,000원이 적절하다고 판명되었습니다.",1,부정행위 배우자 받다 손해배상 범위 제3자의,"제3자의 부정행위로 인해 배우자가 받을 수 있는 손해배상 범위는 어떻게 되나요? 제3자의 부정행위로 인해 배우자가 입은 정신적 고통은 금전적으로 배상받을 수 있습니다. 실제 사례에서는 혼인기간, 가족관계, 부정행위의 내용과 정도, 그 부정행위가 부부공동생활에 미친 영향을 고려해 위자료 액수가 결정됩니다. 예를 들어, 부정행위로 인해 부부공동생활이 파탄에 이르렀을 때 배우자가 청구할 수 있는 위자료 액수는 사례에 따라 다르지만, 사례에서는 20,000,000원이 적절하다고 판명되었습니다.",부정행위 배우자 받다 손해배상 범위 입다 정신 고통 금전 배상 실제 사례 혼인 기간 가족 관계 부부 생활 영향 고려 위자료 액수 결정 들다 파탄 이르렀 청구 판명 되어다 제3자의,5,0.93330693,
2023-02-07T09:00:00.000+09:00,배우자와의 부정행위로 인해 정신적 고통을 받은 경우 위자료를 청구할 수 있는 조건은 무엇인가요?,"배우자 있는 사람과 부정행위를 하여 부부의 공동생활을 침해하거나 유지에 방해를 주었다면 이를 불법행위로 보고, 정신적 고통을 받은 배우자는 금전적 배상을 청구할 수 있습니다. 이는 대법원의 관련 판결에 의해 인정되는 조건으로, 부정행위를 했다는 사실, 그로 인한 정신적 고통을 증명하면 위자료를 청구할 수 있습니다.",1,배우자 부정행위 정신 고통 받다 위자료 청구,"배우자와의 부정행위로 인해 정신적 고통을 받은 경우 위자료를 청구할 수 있는 조건은 무엇인가요? 배우자 있는 사람과 부정행위를 하여 부부의 공동생활을 침해하거나 유지에 방해를 주었다면 이를 불법행위로 보고, 정신적 고통을 받은 배우자는 금전적 배상을 청구할 수 있습니다. 이는 대법원의 관련 판결에 의해 인정되는 조건으로, 부정행위를 했다는 사실, 그로 인한 정신적 고통을 증명하면 위자료를 청구할 수 있습니다.",배우자 부정행위 정신 고통 받다 위자료 청구 부부 생활 유지 방해 주다 이르다 불법행위 보고 금전 배상 이다 대법원 판결 그로,0,0.6615095,위자료 및 손해배상 청구
2023-09-21T09:00:00.000+09:00,부정행위로 인한 피해자에게 정신적 고통에 대한 배상금(위자료) 액수는 어떻게 결정되나요?,"배상금(위자료) 액수는 피해자의 혼인기간 및 가족관계, 부정행위의 정도 및 기간, 부정행위가 부부공동생활에 미친 영향, 그 이후 정황 등 여러 사정을 종합적으로 고려하여 결정됩니다. 예를 들어, 유사한 사건에서 13,000,000원의 위자료가 인정된 사례가 있습니다.",1,부정행위 피해자 정신 고통 배상금 위자료 액수 결정,"부정행위로 인한 피해자에게 정신적 고통에 대한 배상금(위자료) 액수는 어떻게 결정되나요? 배상금(위자료) 액수는 피해자의 혼인기간 및 가족관계, 부정행위의 정도 및 기간, 부정행위가 부부공동생활에 미친 영향, 그 이후 정황 등 여러 사정을 종합적으로 고려하여 결정됩니다. 예를 들어, 유사한 사건에서 13,000,000원의 위자료가 인정된 사례가 있습니다.",부정행위 피해자 정신 고통 배상금 위자료 액수 결정 혼인 기간 가족 관계 부부 생활 영향 정황 여러 사정 종합 고려 들다 사건 사례,0,0.7400071,위자료 및 손해배상 청구
2021-09-15T09:00:00.000+09:00,제3자가 타인의 부부공동생활을 방해하는 행위는 어떤 법적 책임을 지게 될 수 있나요?,"제3자가 타인의 부부공동생활에 개입하여 혼인의 본질에 해당하는 부부공동생활을 방해하는 행위는 불법행위로 간주됩니다. 이는 제3자가 부부 일방과 부정행위를 함으로써 배우자에게 정신적 고통을 주는 등의 행위로, 위자료 청구가 가능해집니다. (대법원 2014. 11. 20. 선고 2011므2997 판결 등 참조)",1,타인 부부 생활 방해 행위 법적 책임 지게 제3자가,"제3자가 타인의 부부공동생활을 방해하는 행위는 어떤 법적 책임을 지게 될 수 있나요? 제3자가 타인의 부부공동생활에 개입하여 혼인의 본질에 해당하는 부부공동생활을 방해하는 행위는 불법행위로 간주됩니다. 이는 제3자가 부부 일방과 부정행위를 함으로써 배우자에게 정신적 고통을 주는 등의 행위로, 위자료 청구가 가능해집니다. (대법원 2014. 11. 20. 선고 2011므2997 판결 등 참조)",타인 부부 생활 방해 행위 법적 책임 지게 개입 혼인 본질 해당 불법행위 간주 이다 일방 부정행위 배우자 정신 고통 주다 위자료 청구 지다 대법원 선고 판결 참조 제3자가,6,0.94644594,부정행위 및 제3자 개입 책임
2023-10-12T09:00:00.000+09:00,부정행위로 인한 정신적 손해에 대해 위자료 청구가 가능한 조건은 무엇인가요?,"정신적 손해에 대한 위자료 청구는 배우자의 부정행위로 인해 발생한 경우 가능하며, 이에 대한 증거가 충분히 제출되어야 합니다. 이는 가족관계의 보호와 함께 혼인 생활의 평온을 깨뜨린 행위에 대한 제재로 인정됩니다.",1,부정행위 정신 손해 대해 위자료 청구,"부정행위로 인한 정신적 손해에 대해 위자료 청구가 가능한 조건은 무엇인가요? 정신적 손해에 대한 위자료 청구는 배우자의 부정행위로 인해 발생한 경우 가능하며, 이에 대한 증거가 충분히 제출되어야 합니다. 이는 가족관계의 보호와 함께 혼인 생활의 평온을 깨뜨린 행위에 대한 제재로 인정됩니다.",부정행위 정신 손해 대해 위자료 청구 배우자 증거 제출 되어다 이다 가족 관계 보호 혼인 생활 평온 깨뜨리다 행위 제재,1,0.53204244,혼인 파탄의 원인과 법적 책임
2023-02-07T09:00:00.000+09:00,"제3자가 부부의 일방과 부정행위를 함으로써 배우자에게 정신적 고통을 가한 경우, 이는 어떤 법적 책임이 발생하나요?","대법원 판례에 따르면, 제3자가 부부의 일방과 부정행위를 함으로써 혼인의 본질에 해당하는 부부공동생활을 침해하거나 그 유지를 방해하여 배우자에게 정신적 고통을 가한 행위는 불법행위를 구성합니다. 따라서 부부의 일방과 부정행위를 한 제3자는 피해 배우자에게 정신적 고통에 대한 위자료 배상 책임을 질 수 있습니다.",1,부부 일방 부정행위 배우자 정신 고통 가하다 이다 법적 책임 하나요 제3자가,"제3자가 부부의 일방과 부정행위를 함으로써 배우자에게 정신적 고통을 가한 경우, 이는 어떤 법적 책임이 발생하나요? 대법원 판례에 따르면, 제3자가 부부의 일방과 부정행위를 함으로써 혼인의 본질에 해당하는 부부공동생활을 침해하거나 그 유지를 방해하여 배우자에게 정신적 고통을 가한 행위는 불법행위를 구성합니다. 따라서 부부의 일방과 부정행위를 한 제3자는 피해 배우자에게 정신적 고통에 대한 위자료 배상 책임을 질 수 있습니다.",부부 일방 부정행위 배우자 정신 고통 가하다 이다 법적 책임 하나요 대법원 판례 혼인 본질 해당 생활 유지 방해 행위 불법행위 구성 따라서 피해 위자료 배상 제3자가 제3자는,2,0.9577949,부정행위 및 제3자 개입 책임
2023-06-09T09:00:00.000+09:00,"제3자가 부부의 일방과 부정행위를 했을 때, 배우자에게 배상해야 할 손해의 기준은 무엇인가요?","부부의 일방과 부정행위를 한 제3자는 그로 인한 배우자의 정신적 고통을 배상할 책임이 있습니다. 배상액을 정할 때는 혼인기간과 가족관계, 부정행위 기간 및 정도, 부정행위가 부부공동생활에 미친 영향, 불륜관계의 경위 등 여러 사정을 종합적으로 고려합니다. 예를 들어, 관련 사건에서 법원은 위자료를 20,000,000원으로 정한 바 있습니다.",1,부부 일방 부정행위 배우자 배상 손해 기준 제3자가,"제3자가 부부의 일방과 부정행위를 했을 때, 배우자에게 배상해야 할 손해의 기준은 무엇인가요? 부부의 일방과 부정행위를 한 제3자는 그로 인한 배우자의 정신적 고통을 배상할 책임이 있습니다. 배상액을 정할 때는 혼인기간과 가족관계, 부정행위 기간 및 정도, 부정행위가 부부공동생활에 미친 영향, 불륜관계의 경위 등 여러 사정을 종합적으로 고려합니다. 예를 들어, 관련 사건에서 법원은 위자료를 20,000,000원으로 정한 바 있습니다.",부부 일방 부정행위 배우자 배상 손해 기준 그로 정신 고통 책임 혼인 기간 가족 관계 생활 영향 불륜 경위 여러 사정 종합 고려 들다 사건 법원 위자료 제3자가 제3자는,2,0.42905825,부정행위 및 제3자 개입 책임
2022-01-26T09:00:00.000+09:00,혼인관계의 실질적인 파탄 여부 판단 시 고려해야 할 요소는 무엇인가요?,"민법 제840조에 따르면 '혼인을 계속하기 어려운 중대한 사유'는 이혼 사유로 규정되어 있습니다. 부부간의 애정과 신뢰를 바탕으로 한 공동생활 관계가 회복 불가능할 정도로 파탄된 경우에는 이혼 사유로 인정될 수 있습니다. 이러한 경우, 장기간의 별거 등으로 인해 부부공동생활이 실질적으로 파탄되어 회복할 수 없는 상태인지 여부를 판단해야 하며, 이를 위해 객관적인 사정의 평가가 필요합니다.",1,혼인 관계 실질 파탄 여부 고려 요소,"혼인관계의 실질적인 파탄 여부 판단 시 고려해야 할 요소는 무엇인가요? 민법 제840조에 따르면 '혼인을 계속하기 어려운 중대한 사유'는 이혼 사유로 규정되어 있습니다. 부부간의 애정과 신뢰를 바탕으로 한 공동생활 관계가 회복 불가능할 정도로 파탄된 경우에는 이혼 사유로 인정될 수 있습니다. 이러한 경우, 장기간의 별거 등으로 인해 부부공동생활이 실질적으로 파탄되어 회복할 수 없는 상태인지 여부를 판단해야 하며, 이를 위해 객관적인 사정의 평가가 필요합니다.",혼인 관계 실질 파탄 여부 고려 요소 민법 계속 사유 이혼 규정 되어다 부부 애정 신뢰 바탕 공동 생활 회복 장기간 별거 상태 이르다 객관 사정 평 제840조에,7,0.9314191,혼인 파탄의 원인과 법적 책임
2023-08-24T09:00:00.000+09:00,위자료 청구에서 부정행위의 성격은 어떻게 인정되나요?,"부정행위는 부부의 정조의무를 위반한 행위로, 민법 제826조에 따라 부부는 서로에게 협조하고 보호할 의무를 부담합니다. 그런 맥락에서 제3자가 부부공동생활을 방해하는 경우, 피해자가 이에 대해 위자료를 청구할 수 있습니다. 이를 위해서는 부정행위를 통해 피해자의 정신적 고통이 발생했음을 증명해야 합니다.",1,위자료 청구 부정행위 성격,"위자료 청구에서 부정행위의 성격은 어떻게 인정되나요? 부정행위는 부부의 정조의무를 위반한 행위로, 민법 제826조에 따라 부부는 서로에게 협조하고 보호할 의무를 부담합니다. 그런 맥락에서 제3자가 부부공동생활을 방해하는 경우, 피해자가 이에 대해 위자료를 청구할 수 있습니다. 이를 위해서는 부정행위를 통해 피해자의 정신적 고통이 발생했음을 증명해야 합니다.",위자료 청구 부정행위 성격 부부 정조 의무 위반 행위 민법 서로 협조 보호 부담 맥락 생활 방해 피해자 대해 이르다 통해 정신 고통 제826조에 제3자가,0,0.88121873,위자료 및 손해배상 청구
2021-11-09T09:00:00.000+09:00,부정행위로 인한 위자료 청구에서 어떤 조건들이 고려되나요?,"부정행위로 인한 위자료 청구에는 여러 조건들이 고려됩니다. 부정행위의 대상과 기간, 부정행위의 내용, 청구인과 상대 배우자의 혼인 기간 등이 주요한 조건들입니다. 특히 부정행위가 청구인에게 어떤 정신적 고통을 초래했는지가 중요한 판단 기준이 됩니다.",1,부정행위 위자료 청구 고려,"부정행위로 인한 위자료 청구에서 어떤 조건들이 고려되나요? 부정행위로 인한 위자료 청구에는 여러 조건들이 고려됩니다. 부정행위의 대상과 기간, 부정행위의 내용, 청구인과 상대 배우자의 혼인 기간 등이 주요한 조건들입니다. 특히 부정행위가 청구인에게 어떤 정신적 고통을 초래했는지가 중요한 판단 기준이 됩니다.",부정행위 위자료 청구 고려 여러 대상 기간 청구인 상대 배우자 혼인 주요한 들이다 정신 고통 초래 기준,0,0.6472494,위자료 및 손해배상 청구
2021-11-25T09:00:00.000+09:00,부부의 부정행위로 인한 손해배상청구에서 정신적 고통의 인정범위는 어떻게 되나요?,"민법 제763조에 따르면, 부부는 상호간에 부부공동생활의 유지에 협력할 의무를 부담하며, 이를 침해한 경우 불법행위가 성립하여 손해배상책임이 발생할 수 있습니다. 이때 정신적 고통은 부부공동생활의 본질을 침해당한 결과로 인정되며, 가해자의 고의나 과실 정도와 가해행위의 동기 등에 따라 위자료의 액수는 법원의 재량에 의해 결정됩니다. 대법원의 판례[[대법원 2015. 7. 23. 선고 2014다82361 판결]], 피해자의 구체적인 피해 정도와 가해행위의 특성을 모두 고려해야 합니다.",1,부부 부정행위 손해배상 청구 정신 고통 범위,"부부의 부정행위로 인한 손해배상청구에서 정신적 고통의 인정범위는 어떻게 되나요? 민법 제763조에 따르면, 부부는 상호간에 부부공동생활의 유지에 협력할 의무를 부담하며, 이를 침해한 경우 불법행위가 성립하여 손해배상책임이 발생할 수 있습니다. 이때 정신적 고통은 부부공동생활의 본질을 침해당한 결과로 인정되며, 가해자의 고의나 과실 정도와 가해행위의 동기 등에 따라 위자료의 액수는 법원의 재량에 의해 결정됩니다. 대법원의 판례[[대법원 2015. 7. 23. 선고 2014다82361 판결]], 피해자의 구체적인 피해 정도와 가해행위의 특성을 모두 고려해야 합니다.",부부 부정행위 손해배상 청구 정신 고통 범위 민법 상호 생활 유지 협력 의무 부담 이르다 침해 불법행위 책임 본질 결 가해자 고 과실 가해 행위 동기 위자료 액수 법원 재량 결정 대법원 판례 선고 판결 피해자 구체 피해 특성 모두 고려 제763조에,0,0.4984453,위자료 및 손해배상 청구
2022-11-04T09:00:00.000+09:00,위자료 청구에서 정신적 피해의 정도를 판단할 때 고려해야 하는 요소는 무엇인가요?,"위자료 청구에서 정신적 피해의 정도를 판단할 때는 혼인관계의 상황, 부정행위의 구체적 내용 및 그로 인한 피해자의 고통 정도, 부정행위의 빈도 및 기간 등을 종합적으로 고려해야 합니다. 예를 들어, 민법 제750조에 따라 불법행위로 인한 손해배상에 대한 이론을 적용하여 피해자의 상태와 고통을 객관적으로 평가하는 것이 중요합니다.",1,위자료 청구 정신 피해 고려 요소,"위자료 청구에서 정신적 피해의 정도를 판단할 때 고려해야 하는 요소는 무엇인가요? 위자료 청구에서 정신적 피해의 정도를 판단할 때는 혼인관계의 상황, 부정행위의 구체적 내용 및 그로 인한 피해자의 고통 정도, 부정행위의 빈도 및 기간 등을 종합적으로 고려해야 합니다. 예를 들어, 민법 제750조에 따라 불법행위로 인한 손해배상에 대한 이론을 적용하여 피해자의 상태와 고통을 객관적으로 평가하는 것이 중요합니다.",위자료 청구 정신 피해 고려 요소 혼인 관계 부정행위 구체 그로 피해자 고통 빈도 기간 종합 들다 민법 불법행위 손해배상 이론 상태 객관 평 제750조에,1,0.9308604,혼인 파탄의 원인과 법적 책임
2020-07-22T09:00:00.000+09:00,재산분할 약정이 무효화되는 조건은 무엇인가요?,"재산분할 약정이 무효가 되려면, 그 약정이 체결될 당시 당사자가 예측하지 못한 상당한 사정변경이 발생해야 합니다. 예를 들어, 약정이 체결된 후 IMF와 같은 중대한 국면 변화가 있거나, 혼인 중 형성된 재산의 총액을 초과하는 재산분할이 주장된 경우 그러한 이유로 무효로 판단될 수 있습니다.",1,재산 분할 약정 무효,"재산분할 약정이 무효화되는 조건은 무엇인가요? 재산분할 약정이 무효가 되려면, 그 약정이 체결될 당시 당사자가 예측하지 못한 상당한 사정변경이 발생해야 합니다. 예를 들어, 약정이 체결된 후 IMF와 같은 중대한 국면 변화가 있거나, 혼인 중 형성된 재산의 총액을 초과하는 재산분할이 주장된 경우 그러한 이유로 무효로 판단될 수 있습니다.",재산 분할 약정 무효 체결 당시 당사자 예측 사정변경 들다 오다 국면 변화 혼인 형성 초 이유,8,0.8214644,이혼 시 금전 문제 (재산분할·양육비)
2022-08-24T09:00:00.000+09:00,배우자의 부정행위로 인한 정신적 고통에 대한 위자료 산정 기준은 무엇인가요?,"위자료 산정 기준은 혼인 관계 및 가족관계, 부정행위의 내용 및 기간, 부정행위가 혼인 관계에 미친 영향 등을 종합적으로 고려합니다. 또한, 변론에서 드러난 모든 사정을 참작하여 구체적인 위자료 액수가 결정됩니다. 예를 들어, 부정행위의 정도와 그로 인한 혼인 관계의 파괴 정도가 크게 영향을 미칠 수 있습니다.",1,배우자 부정행위 정신 고통 위자료 산정 기준,"배우자의 부정행위로 인한 정신적 고통에 대한 위자료 산정 기준은 무엇인가요? 위자료 산정 기준은 혼인 관계 및 가족관계, 부정행위의 내용 및 기간, 부정행위가 혼인 관계에 미친 영향 등을 종합적으로 고려합니다. 또한, 변론에서 드러난 모든 사정을 참작하여 구체적인 위자료 액수가 결정됩니다. 예를 들어, 부정행위의 정도와 그로 인한 혼인 관계의 파괴 정도가 크게 영향을 미칠 수 있습니다.",배우자 부정행위 정신 고통 위자료 산정 기준 혼인 관계 가족 기간 영향 종합 고려 또한 변론 드러나다 모든 사정 참작 구체 액수 결정 들다 그로 파괴 크게,0,0.9360553,위자료 및 손해배상 청구
2022-09-30T09:00:00.000+09:00,부정행위로 인한 위자료의 액수 산정 기준은 무엇인가요?,"부정행위로 인한 위자료의 액수는 여러 요소를 종합하여 산정합니다. 이러한 요소에는 혼인기간, 부정행위의 내용과 정도, 피해자에게 미친 정신적 고통의 정도, 그리고 부부공동생활에 미친 영향 등이 포함됩니다. 법원은 이러한 사정을 고려하여 공정하고 합리적인 액수를 결정하는데(대법원 2015. 5. 29. 선고 2013므2441 판결 참조), 이와 관련된 법리와 이전 판례의 적용이 필수적입니다.",1,부정행위 위자료 액수 산정 기준,"부정행위로 인한 위자료의 액수 산정 기준은 무엇인가요? 부정행위로 인한 위자료의 액수는 여러 요소를 종합하여 산정합니다. 이러한 요소에는 혼인기간, 부정행위의 내용과 정도, 피해자에게 미친 정신적 고통의 정도, 그리고 부부공동생활에 미친 영향 등이 포함됩니다. 법원은 이러한 사정을 고려하여 공정하고 합리적인 액수를 결정하는데(대법원 2015. 5. 29. 선고 2013므2441 판결 참조), 이와 관련된 법리와 이전 판례의 적용이 필수적입니다.",부정행위 위자료 액수 산정 기준 여러 요소 종합 혼인 기간 피해자 정신 고통 부부 생활 영향 포함 법원 사정 고려 합리 결정 대법원 선고 판결 참조 법리 이전 판례 필수,0,0.92442536,위자료 및 손해배상 청구
2023-05-16T09:00:00.000+09:00,배우자의 부정행위로 인한 위자료 청구 소송에서 손해배상 액수는 어떻게 결정되나요?,"배우자의 부정행위로 인한 위자료 청구 소송에서 손해배상의 액수는 여러 가지 사정을 종합하여 결정됩니다. 혼인기간 및 가족관계, 부정행위의 정도 및 유지기간, 그리고 부정행위로 인해 구체화된 가정생활 평온의 침해 정도 등이 고려됩니다. 이러한 요소들을 종합적으로 판단하여 법원은 적정한 배상액을 결정합니다.",1,배우자 부정행위 위자료 청구 소송 손해배상 액수 결정,"배우자의 부정행위로 인한 위자료 청구 소송에서 손해배상 액수는 어떻게 결정되나요? 배우자의 부정행위로 인한 위자료 청구 소송에서 손해배상의 액수는 여러 가지 사정을 종합하여 결정됩니다. 혼인기간 및 가족관계, 부정행위의 정도 및 유지기간, 그리고 부정행위로 인해 구체화된 가정생활 평온의 침해 정도 등이 고려됩니다. 이러한 요소들을 종합적으로 판단하여 법원은 적정한 배상액을 결정합니다.",배우자 부정행위 위자료 청구 소송 손해배상 액수 결정 여러 가지 사정 종합 혼인 기간 가족 관계 유지 구체화 가정 생활 평온 침해 고려 요소 법원 배상,0,0.9511041,위자료 및 손해배상 청구
2023-09-14T09:00:00.000+09:00,정신적 고통에 대한 위자료 액수는 어떤 기준으로 결정되나요?,"정신적 고통에 대한 위자료 액수는 사실심 법원이 여러 사정을 참작하여 그 전권에 속하는 재량에 따라 확정할 수 있습니다. 구체적으로는 혼인기간, 가족관계(자녀의 수, 연령 등), 부정행위의 정도와 기간, 그리고 부정행위가 부부공동생활에 미친 영향 등을 종합적으로 고려하여 결정됩니다.",1,정신 고통 위자료 액수 기준 결정,"정신적 고통에 대한 위자료 액수는 어떤 기준으로 결정되나요? 정신적 고통에 대한 위자료 액수는 사실심 법원이 여러 사정을 참작하여 그 전권에 속하는 재량에 따라 확정할 수 있습니다. 구체적으로는 혼인기간, 가족관계(자녀의 수, 연령 등), 부정행위의 정도와 기간, 그리고 부정행위가 부부공동생활에 미친 영향 등을 종합적으로 고려하여 결정됩니다.",정신 고통 위자료 액수 기준 결정 법원 여러 사정 참작 전권 재량 확정 구체 혼인 기간 가족 관계 자녀 연령 부정행위 부부 생활 영향 종합 고려,0,0.92442536,위자료 및 손해배상 청구
,"배우자와 이혼했는데, 제가 잘못한 게 아니면 F-6 체류자격을 유지할 수 있나요?","체류기간 연장에 관한 결혼이민(F-6-3) 신청은 혼인관계를 정상적으로 유지할 수 없는 사유가 있는 경우에 가능하므로, 청구인은 이혼의 귀책사유가 전 배우자에게 있다고 주장하며 법적 기준을 충족하려 했습니다. 결혼이민 체류자격은 국민의 배우자와의 혼인관계를 기반으로 하며, 이혼 사유가 객관적으로 귀책사유에 의해 발생했음을 입증하여야 합니다. 청구인은 이혼 당시 전 배우자의 경제적 능력을 문제 삼고, 남편으로서의 역할을 할 수 없었다고 주장하였으나, 이 사건 처분은 이를 충분히 고려하지 않았어야 했다는 점이 지적됩니다. 결혼이민 체류기간 연장 요건에서는 사망 또는 실종 등의 사유 외에도 일정한 장애 사유가 필요하며, 제3자와의 교제 또는 동거 사실이 인정될 경우 혼인단절자의 요건을 충족하지 못할 수 있습니다. 따라서 해당 처분이 부당하다는 주장은 법적 근거에 기반하여 제시되었으며, 재판에서 청구인의 주장을 받아들이기로 결정한 경우의 법률효력범위가 있다고 할 수 있습니다.",1,배우자 이혼 잘못 체류 자격 유지,"배우자와 이혼했는데, 제가 잘못한 게 아니면 F-6 체류자격을 유지할 수 있나요? 체류기간 연장에 관한 결혼이민(F-6-3) 신청은 혼인관계를 정상적으로 유지할 수 없는 사유가 있는 경우에 가능하므로, 청구인은 이혼의 귀책사유가 전 배우자에게 있다고 주장하며 법적 기준을 충족하려 했습니다. 결혼이민 체류자격은 국민의 배우자와의 혼인관계를 기반으로 하며, 이혼 사유가 객관적으로 귀책사유에 의해 발생했음을 입증하여야 합니다. 청구인은 이혼 당시 전 배우자의 경제적 능력을 문제 삼고, 남편으로서의 역할을 할 수 없었다고 주장하였으나, 이 사건 처분은 이를 충분히 고려하지 않았어야 했다는 점이 지적됩니다. 결혼이민 체류기간 연장 요건에서는 사망 또는 실종 등의 사유 외에도 일정한 장애 사유가 필요하며, 제3자와의 교제 또는 동거 사실이 인정될 경우 혼인단절자의 요건을 충족하지 못할 수 있습니다. 따라서 해당 처분이 부당하다는 주장은 법적 근거에 기반하여 제시되었으며, 재판에서 청구인의 주장을 받아들이기로 결정한 경우의 법률효력범위가 있다고 할 수 있습니다.",배우자 이혼 잘못 체류 자격 유지 기간 연장 결혼 이민 신청 혼인 관계 정상 사유 청구인 귀책사유 법적 기준 충족 국민 기반 객관 입증 당시 경제 능력 삼고 남편 역할 사건 처분 이르다 고려 지적 사망 실종 장애 교제 동거 단절 따라서 해당 제시 되어다 재판 받아들이다 결정 법률 범위 제3자와의,5,0.45187587,
